,,2026/4/14(Tue),,,,,2026/4/15(Wed),,,,,2026/4/16(Thu),,,,,2026/4/17(Fri),,,,,2026/4/18(Sat),,,,,2026/4/19(Sun),,,,,2026/4/20(Mon),,,,
,,メルマガ内容,通数,計,設定者,確認者,メルマガ内容,通数,計,設定者,確認者,メルマガ内容,通数,計,設定者,確認者,メルマガ内容,通数,計,設定者,確認者,メルマガ内容,通数,計,設定者,確認者,メルマガ内容,通数,計,設定者,確認者,メルマガ内容,通数,計,設定者,確認者
8,毎週,応募から1日_好条件営業ランキング,,2.5,R,,★求人特集(35歳未満) A,,0,平,荒,応募から1日_好条件営業ランキング,,0,R,,データ入力×リモートOK,,0,R,,★求人特集(35歳未満） B,,0,平,荒,40代再就職,,0,R,,◇掲載終了前+UP_35歳以上 B,,0,内,荒
,,快適な在宅ワーク,,,石,部,50代事務,,,部,石,新着_クリエイティブ,,,R,,フルリモート×好条件,,,部,石,応募から1日_好条件営業ランキング,,,R,,40代再就職_関西,,,R,,◇掲載終了前+UP_関西 B,,,内,荒
,,関西_自己PR不要_リモート未経験_事務,,,R,,応募から1日_好条件営業ランキング,,,R,,新着_企画営業,,,R,,応募から1日_好条件営業ランキング,,,R,,,,,,,応募から1日_好条件営業ランキング,,,R,,webデザイナー×未経験歓迎_希望,,,R,
,,推し活_残業なし_休日120日以上_月給30万以上,,,R,,,,,,,新着_経理,,,R,,既婚者,,,R,,,,,,,人気検索KW_事務系希望,,,R,,応募から1日_好条件営業ランキング,,,R,
,,,,,,,,,,,,新着_事務,,,,,梅田で働く,,,,,,,,,,,,,,,高収入_リモート_営業,,,,
,,,,,,,,,,,,新着_人事,,,,,未婚者,,,,,,,,,,,,,,,高収入_リモート_事務,,,,
,,,,,,,,,,,,年収500万以上_未経験歓迎,,,,,,,,,,,,,,,,,,,,◇掲載終了前+UP B,,,,
,,,,,,,,,,,,,,,,,,,,,,,,,,,,,,,,,,,,
,新規,,,,,,,,,,,,,,,,自己PR不要×面接1回,,,,,,,,,,,,,,,,,,,
,,,,,,,,,,,,,,,,,,,,,,,,,,,,,,,,,,,,
,,,,,,,,,,,,,,,,,,,,,,,,,,,,,,,,,,,,
,,,,,,,,,,,,,,,,,,,,,,,,,,,,,,,,,,,,
,,,,,,,,,,,,,,,,,,,,,,,,,,,,,,,,,,,,
,特殊,◇ポジションマッチ A1,2.5,,内,平,,,,,,,,,,,,,,,,,,,,,,,,,,,,,,
,,◇ポジションマッチ A2,,,,,,,,,,,,,,,,,,,,,,,,,,,,,,,,,,
,,◇ポジションマッチ A3,,,,,,,,,,,,,,,,,,,,,,,,,,,,,,,,,,
,,,,,,,,,,,,,,,,,,,,,,,,,,,,,,,,,,,,
,,,,,,,,,,,,,,,,,,,,,,,,,,,,,,,,,,,,
9,毎週,ランキング_クリエイティブ（Web）_希望,,0,R,,ランキング_エンジニア（IT系）_希望,,0,R,,ランキング_営業（BtoB）_希望,,0,R,,40~60代活躍中,,0,石,武,NPS取得アンケート,,0,R,,これから人気×エンジニア,,0,R,,ランキング_事務（広報）_希望,,0,R,
,,ランキング_営業（マーケ）_希望,,,R,,ランキング_クリエイティブ（その他）_希望,,,R,,ランキング_事務（秘書）_希望,,,R,,ランキング_事務（経理）_希望,,,R,,単独求人訴求メルマガ_A,,,武,部,これから人気×リモート,,,R,,直近新規登録会員向け,,,R,
,,ランキング_事務（一般事務）_希望,,,R,,ランキング_営業（その他）_希望,,,R,,関西限定求人特集,,,R,,,,,,,,,,,,これから人気×リモート×営業,,,R,,年収600万円以上,,,R,
,,,,,,,ランキング_事務（営業事務）_希望,,,R,,,,,,,,,,,,,,,,,これから人気×販サ,,,R,,,,,,
,,,,,,,裁量労働制,,,,,,,,,,,,,,,,,,,,応募ランキング C,,,,,,,,,
,,,,,,,時短×リモート,,,,,,,,,,,,,,,,,,,,,,,,,,,,,
,,,,,,,,,,,,,,,,,,,,,,,,,,,,,,,,,,,,
,,,,,,,,,,,,,,,,,,,,,,,,,,,,,,,,,,,,
,新規,,,,,,時短×リモート_関西,,,,,,,,,,,,,,,,,,,,,,,,,,,,,
,,,,,,,,,,,,,,,,,,,,,,,,,,,,,,,,,,,,
,,,,,,,,,,,,,,,,,,,,,,,,,,,,,,,,,,,,
,,,,,,,,,,,,,,,,,,,,,,,,,,,,,,,,,,,,
,,,,,,,,,,,,,,,,,,,,,,,,,,,,,,,,,,,,
,特殊,◇ポジションマッチ A2,,,,,◇ポジションマッチ A2,,,,,◇ポジションマッチ A2,,,,,◇ポジションマッチ A2,,,,,◇ポジションマッチ A2,,,,,◇ポジションマッチ A2,,,,,◇ポジションマッチ A2,,,,
,,◇ポジションマッチ_36歳以上 A2,,,,,◇ポジションマッチ_36歳以上 A2,,,,,◇ポジションマッチ_36歳以上 A2,,,,,◇ポジションマッチ_36歳以上 A2,,,,,◇ポジションマッチ_36歳以上 A2,,,,,◇ポジションマッチ_36歳以上 A2,,,,,◇ポジションマッチ_36歳以上 A2,,,,
,,,,,,,,,,,,,,,,,,,,,,,,,,,,,,,,,,,,
,,,,,,,,,,,,,,,,,,,,,,,,,,,,,,,,,,,,
10,毎週,事務_販サ経験者向け_東京,,0,R,,40代未経験_正社員,,0,R,,フルリモートランキング,,0,R,,子育手当,,0,R,,検討中ランキング_事務,,0,R,,語学を活かせる,,0,R,,☆TP部_事務_希望地,,0,部,石
,,面接1回,,,R,,子育て支援,,,R,,経験活かせる_営業,,,R,,,,,,,,,,,,,,,,,,,,,
,,面接1回_35歳以上,,,R,,趣味・興味メルマガ_A,,,R,,経験活かせる_事務,,,R,,,,,,,,,,,,,,,,,,,,,
,,,,,,,,,,,,副業OK,,,R,,,,,,,,,,,,,,,,,,,,,
,,,,,,,,,,,,,,,,,,,,,,,,,,,,,,,,,,,,
,,,,,,,,,,,,,,,,,,,,,,,,,,,,,,,,,,,,
,,,,,,,,,,,,,,,,,,,,,,,,,,,,,,,,,,,,
,,,,,,,,,,,,,,,,,,,,,,,,,,,,,,,,,,,,
,新規,カスタマーサクセス_リモート ,,,,,週休3日OK_ランキング,,,,,フルリモートランキング_新規8日から29日,,,,,,,,,,JAD特集,,,,,,,,,,,,,,
,,,,,,,全国募集,,,,,,,,,,,,,,,,,,,,,,,,,,,,,
,,,,,,,,,,,,,,,,,,,,,,,,,,,,,,,,,,,,
,,,,,,,,,,,,,,,,,,,,,,,,,,,,,,,,,,,,
,,,,,,,,,,,,,,,,,,,,,,,,,,,,,,,,,,,,
,特殊,◇ポジションマッチ A2,,,,,◇ポジションマッチ A2,,,,,◇ポジションマッチ A2,,,,,◇ポジションマッチ A2,,,,,◇ポジションマッチ A2,,,,,◇ポジションマッチ A2,,,,,◇ポジションマッチ A2,,,,
,,◇ポジションマッチ_36歳以上 A2,,,,,◇ポジションマッチ_36歳以上 A2,,,,,◇ポジションマッチ_36歳以上 A2,,,,,◇ポジションマッチ_36歳以上 A2,,,,,◇ポジションマッチ_36歳以上 A2,,,,,◇ポジションマッチ_36歳以上 A2,,,,,◇ポジションマッチ_36歳以上 A2,,,,
11,毎週,事務（経理）_希望,,0,R,,事務（総務・人事）_希望,,0,R,,クリエイティブ（Web）_希望,,0,R,,クリエイティブ（その他）_希望,,0,R,,,,0,,,関西単独求人メルマガ_B,,0,武,部,クリエイティブ総合ランキング,,0,R,
,,,,,,,,,,,,コロナ禍_事務_首都圏,,,R,,今週の人気求人ランキング,,,R,,,,,,,事務（営業事務）_希望,,,R,,関西_未経験リモート_事務,,,R,
,,,,,,,,,,,,,,,,,事務（広報）_希望,,,R,,,,,,,,,,,,,,,,
,,,,,,,,,,,,,,,,,,,,,,,,,,,,,,,,,,,,
,,,,,,,,,,,,,,,,,,,,,,,,,,,,,,,,,,,,
,,,,,,,,,,,,,,,,,,,,,,,,,,,,,,,,,,,,
,,,,,,,,,,,,,,,,,,,,,,,,,,,,,,,,,,,,
,,,,,,,,,,,,,,,,,,,,,,,,,,,,,,,,,,,,
,新規,,,,,,,,,,,,,,,,,,,,,,,,,,,,,,,,,,,
,,,,,,,,,,,,,,,,,,,,,,,,,,,,,,,,,,,,
,,,,,,,,,,,,,,,,,,,,,,,,,,,,,,,,,,,,
,,,,,,,,,,,,,,,,,,,,,,,,,,,,,,,,,,,,
,,,,,,,,,,,,,,,,,,,,,,,,,,,,,,,,,,,,
,特殊,◇ポジションマッチ A2,,,,,◇ポジションマッチ A2,,,,,◇ポジションマッチ A2,,,,,◇ポジションマッチ A2,,,,,◇ポジションマッチ A2,,,,,◇ポジションマッチ A2,,,,,◇ポジションマッチ A2,,,,
,,◇ポジションマッチ_36歳以上 A2,,,,,◇ポジションマッチ_36歳以上 A2,,,,,◇ポジションマッチ_36歳以上 A2,,,,,◇ポジションマッチ_36歳以上 A2,,,,,◇ポジションマッチ_36歳以上 A2,,,,,◇ポジションマッチ_36歳以上 A2,,,,,◇ポジションマッチ_36歳以上 A2,,,,
12,毎週,★新着総合_首都圏 A,,0,荒,平,休日120日_就業中_関西,,0,R,,応募ランキング B,,0,R,,★新着総合_首都圏 B,,0,荒,平,趣味・興味メルマガ_B,,0,R,,★ウキポリ[全],,0,平,荒,★納品対策,,0,平,荒
,,★新着総合_西日本 A,,,荒,平,休日120日_未就業,,,R,,応募ランキングB_全国,,,R,,★新着総合_西日本 B,,,荒,平,,,,,,,,,,,,,,,
,,★新着総合_東海 A,,,荒,平,自己PR不要_リモート未経験_エンジニア,,,R,,丸の内・大手町・有楽町_残業少_事務 ,,,R,,★新着総合_東海 B,,,荒,平,,,,,,,,,,,,,,,
,,★新着総合_北海道・東北 A,,,荒,平,自己PR不要_リモート未経験_営業,,,R,,資格活かせる_簿記,,,R,,★新着総合_北海道・東北 B,,,荒,平,,,,,,,,,,,,,,,
,,★新着総合_北関東・甲信越・北陸 A,,,,,自己PR不要_リモート未経験_事務,,,,,新規会員向け_自己PR不要_求人特集,,,,,★新着総合_北関東・甲信越・北陸 B,,,,,,,,,,,,,,,,,,,
,,,,,,,自己PR不要_残業無_未経験_販サ,,,,,,,,,,,,,,,,,,,,,,,,,,,,,
,,,,,,,,,,,,,,,,,,,,,,,,,,,,,,,,,,,,
,,,,,,,,,,,,,,,,,,,,,,,,,,,,,,,,,,,,
,新規,,,,,,5月入社可能,,,,,,,,,,,,,,,,,,,,,,,,,10時以降出社,,,,
,,,,,,,,,,,,,,,,,,,,,,,,,,,,,,,,,,,,
,,,,,,,,,,,,,,,,,,,,,,,,,,,,,,,,,,,,
,,,,,,,,,,,,,,,,,,,,,,,,,,,,,,,,,,,,
,,,,,,,,,,,,,,,,,,,,,,,,,,,,,,,,,,,,
,特殊,◇ポジションマッチ A2,,,,,◇ポジションマッチ A2,,,,,◇ポジションマッチ A2,,,,,◇ポジションマッチ A2,,,,,◇ポジションマッチ A2,,,,,◇ポジションマッチ A2,,,,,◇ポジションマッチ A2,,,,
,,◇ポジションマッチ_36歳以上 A2,,,,,◇ポジションマッチ_36歳以上 A2,,,,,◇ポジションマッチ_36歳以上 A2,,,,,◇ポジションマッチ_36歳以上 A2,,,,,◇ポジションマッチ_36歳以上 A2,,,,,◇ポジションマッチ_36歳以上 A2,,,,,◇ポジションマッチ_36歳以上 A2,,,,
13,毎週,,,0,,,◇掲載終了前+UP A,,0,平,内,☆TP部_事務_現住所,,0,部,石,,,0,,,ランキング_営業（キャリアカウンセラー）_希望,,0,R,,フルリモート_35歳以上,,0,R,,リモートワーク B,,0,R,
,,,,,,,◇掲載終了前+UP_35歳以上 A,,,平,内,,,,,,,,,,,ランキング_事務（総務・人事）_希望,,,R,,,,,,,美容業界×事務_希望,,,R,
,,,,,,,◇掲載終了前+UP_関西 A,,,平,内,,,,,,,,,,,,,,,,,,,,,,,,,
,,,,,,,関西単独求人メルマガ_A,,,武,部,,,,,,,,,,,,,,,,,,,,,,,,,
,,,,,,,,,,,,,,,,,,,,,,,,,,,,,,,,,,,,
,,,,,,,,,,,,,,,,,,,,,,,,,,,,,,,,,,,,
,,,,,,,,,,,,,,,,,,,,,,,,,,,,,,,,,,,,
,,,,,,,,,,,,,,,,,,,,,,,,,,,,,,,,,,,,
,新規,,,,,,,,,,,,,,,,,,,,,,,,,,,,,,,,,,,
,,,,,,,,,,,,,,,,,,,,,,,,,,,,,,,,,,,,
,,,,,,,,,,,,,,,,,,,,,,,,,,,,,,,,,,,,
,,,,,,,,,,,,,,,,,,,,,,,,,,,,,,,,,,,,
,,,,,,,,,,,,,,,,,,,,,,,,,,,,,,,,,,,,
,特殊,◇ポジションマッチ A2,,,,,◇ポジションマッチ A2,,,,,◇ポジションマッチ A2,,,,,◇ポジションマッチ A2,,,,,◇ポジションマッチ A2,,,,,◇ポジションマッチ A2,,,,,◇ポジションマッチ A2,,,,
,,◇ポジションマッチ_36歳以上 A2,,,,,◇ポジションマッチ_36歳以上 A2,,,,,◇ポジションマッチ_36歳以上 A2,,,,,◇ポジションマッチ_36歳以上 A2,,,,,◇ポジションマッチ_36歳以上 A2,,,,,◇ポジションマッチ_36歳以上 A2,,,,,◇ポジションマッチ_36歳以上 A2,,,,
14,毎週,福祉事務,,0,R,,,,0,,,リモートワーク A_35歳以上,,0,R,,フルリモート_全国,,0,R,,☆横浜,,0,平,荒,,,0,,,☆関西,,0,平,荒
,,福祉事務_35歳以上,,,R,,,,,,,関西‗リモート×フレックス,,,部,武,,,,,,,,,,,,,,,,☆東海,,,平,荒
,,未経験向け急募求人_クリエイティブ,,,R,,,,,,,,,,,,,,,,,,,,,,,,,,,希望勤務地_埼玉,,,R,
,,未経験向け急募求人_営業,,,R,,,,,,,,,,,,,,,,,,,,,,,,,,,希望勤務地_千葉,,,R,
,,未経験向け急募求人_事務,,,,,,,,,,,,,,,,,,,,,,,,,,,,,,希望勤務地_東京,,,,
,,,,,,,,,,,,,,,,,,,,,,,,,,,,,,,,大手・上場企業×事務,,,,
,,,,,,,,,,,,,,,,,,,,,,,,,,,,,,,,,,,,
,,,,,,,,,,,,,,,,,,,,,,,,,,,,,,,,,,,,
,新規,,,,,,,,,,,,,,,,,,,,,,,,,,,,,,,,,,,
,,,,,,,,,,,,,,,,,,,,,,,,,,,,,,,,,,,,
,,,,,,,,,,,,,,,,,,,,,,,,,,,,,,,,,,,,
,,,,,,,,,,,,,,,,,,,,,,,,,,,,,,,,,,,,
,,,,,,,,,,,,,,,,,,,,,,,,,,,,,,,,,,,,
,特殊,◇ポジションマッチ A2,,,,,◇ポジションマッチ A2,,,,,◇ポジションマッチ A2,,,,,◇ポジションマッチ A2,,,,,◇ポジションマッチ A2,,,,,◇ポジションマッチ A2,,,,,◇ポジションマッチ A2,,,,
,,◇ポジションマッチ_36歳以上 A2,,,,,◇ポジションマッチ_36歳以上 A2,,,,,◇ポジションマッチ_36歳以上 A2,,,,,◇ポジションマッチ_36歳以上 A2,,,,,◇ポジションマッチ_36歳以上 A2,,,,,◇ポジションマッチ_36歳以上 A2,,,,,◇ポジションマッチ_36歳以上 A2,,,,
15,毎週,好条件×業務委託,,0,部,武,営業（コールセンター）_希望,,0,R,,営業（マーケ）_希望,,0,R,,リモート手当あり,,0,R,,事務（貿易事務）_希望,,0,R,,,,0,,,ランキング_事務（医療事務）_希望,,0,R,
,,好条件×契約社員,,,R,,事務（金融関連）_希望,,,R,,事務（その他）_希望,,,R,,営業（その他）_希望,,,R,,販サ（フロント）_希望,,,R,,,,,,,営業（キャリアカウンセラー）_希望,,,R,
,,,,,,,転職回数不問,,,R,,,,,,,事務（医療事務）_希望,,,R,,,,,,,,,,,,,,,,
,,,,,,,,,,,,,,,,,,,,,,,,,,,,,,,,,,,,
,,,,,,,,,,,,,,,,,,,,,,,,,,,,,,,,,,,,
,,,,,,,,,,,,,,,,,,,,,,,,,,,,,,,,,,,,
,,,,,,,,,,,,,,,,,,,,,,,,,,,,,,,,,,,,
,,,,,,,,,,,,,,,,,,,,,,,,,,,,,,,,,,,,
,新規,,,,,,,,,,,レコメンドリマインド,,,,,,,,,,ミライさんリマインド,,,,,,,,,,,,,,
,,,,,,,,,,,,,,,,,,,,,,,,,,,,,,,,,,,,
,,,,,,,,,,,,,,,,,,,,,,,,,,,,,,,,,,,,
,,,,,,,,,,,,,,,,,,,,,,,,,,,,,,,,,,,,
,,,,,,,,,,,,,,,,,,,,,,,,,,,,,,,,,,,,
,特殊,◇ポジションマッチ A2,,,,,◇ポジションマッチ A2,,,,,◇ポジションマッチ A2,,,,,◇ポジションマッチ A2,,,,,◇ポジションマッチ A2,,,,,◇ポジションマッチ A2,,,,,◇ポジションマッチ A2,,,,
,,◇ポジションマッチ_36歳以上 A2,,,,,◇ポジションマッチ_36歳以上 A2,,,,,◇ポジションマッチ_36歳以上 A2,,,,,◇ポジションマッチ_36歳以上 A2,,,,,◇ポジションマッチ_36歳以上 A2,,,,,◇ポジションマッチ_36歳以上 A2,,,,,◇ポジションマッチ_36歳以上 A2,,,,
16,毎週,35歳以上向け A,,0,R,,年収UP_関西,,0,R,,エンジニア限定_単独求人メルマガ,,0,武,部,,,0,,,☆救済メルマガ(UP10),,0,平,荒,,,0,,,事務職 B,,0,R,
,,育児両立_フレックス,,,R,,副業OK×リモート_ランキング,,,R,,年休130日以上_残業10時間以下,,,R,,,,,,,,,,,,,,,,,事務職_35歳以上 B,,,R,
,,,,,,,,,,,,,,,,,,,,,,,,,,,,,,,,事務職_関西 B,,,R,
,,,,,,,,,,,,,,,,,,,,,,,,,,,,,,,,,,,,
,,,,,,,,,,,,,,,,,,,,,,,,,,,,,,,,,,,,
,,,,,,,,,,,,,,,,,,,,,,,,,,,,,,,,,,,,
,,,,,,,,,,,,,,,,,,,,,,,,,,,,,,,,,,,,
,,,,,,,,,,,,,,,,,,,,,,,,,,,,,,,,,,,,
,新規,,,,,,,,,,,,,,,,,,,,,,,,,,,,,,,,,,,
,,,,,,,,,,,,,,,,,,,,,,,,,,,,,,,,,,,,
,,,,,,,,,,,,,,,,,,,,,,,,,,,,,,,,,,,,
,,,,,,,,,,,,,,,,,,,,,,,,,,,,,,,,,,,,
,,,,,,,,,,,,,,,,,,,,,,,,,,,,,,,,,,,,
,特殊,◇ポジションマッチ A2,,,,,◇ポジションマッチ A2,,,,,◇ポジションマッチ A2,,,,,◇ポジションマッチ A2,,,,,◇ポジションマッチ A2,,,,,◇ポジションマッチ A2,,,,,◇ポジションマッチ A2,,,,
,,◇ポジションマッチ_36歳以上 A2,,,,,◇ポジションマッチ_36歳以上 A2,,,,,◇ポジションマッチ_36歳以上 A2,,,,,◇ポジションマッチ_36歳以上 A2,,,,,◇ポジションマッチ_36歳以上 A2,,,,,◇ポジションマッチ_36歳以上 A2,,,,,◇ポジションマッチ_36歳以上 A2,,,,
17,毎週,◇応募ランキング A,,0,荒,平,☆推進課,,0,荒,平,単独求人訴求メルマガ_C,,0,石,武,☆Womantype[全],,0,内,平,横浜駅で働く,,0,R,,☆IT派遣［全］,,0,内,平,単独求人訴求メルマガ_C,,0,石,武
,,仙台_リモートOK_未経験,,,R,,☆推進課_35歳以上,,,荒,平,東海_リモート,,,R,,,,,,,札幌駅で働く,,,R,,事務・営業職経験者向け,,,R,,,,,,
,,大阪_リモートOK_未経験,,,R,,☆推進課_関西,,,荒,平,,,,,,,,,,,新大阪駅・本町駅で働く,,,R,,,,,,,,,,,
,,単独求人訴求メルマガ_B,,,武,部,掲載終了間近_人気求人ランキング,,,武,部,,,,,,,,,,,仙台駅で働く,,,R,,,,,,,,,,,
,,福岡_リモートOK_未経験,,,,,,,,,,,,,,,,,,,,大宮浦和で働く,,,,,,,,,,,,,,
,,,,,,,,,,,,,,,,,,,,,,博多区で働く,,,,,,,,,,,,,,
,,,,,,,,,,,,,,,,,,,,,,,,,,,,,,,,,,,,
,,,,,,,,,,,,,,,,,,,,,,,,,,,,,,,,,,,,
,新規,,,,,,,,,,,,,,,,,,,,,首都圏_アドバイザー・カウンセラー_未経験,,,,,お祝い金あり,,,,,ふるさと納税メルマガ,,,,
,,,,,,,,,,,,,,,,,,,,,,,,,,,,,,,,美容クリニックで働く,,,,
,,,,,,,,,,,,,,,,,,,,,,,,,,,,,,,,,,,,
,,,,,,,,,,,,,,,,,,,,,,,,,,,,,,,,,,,,
,,,,,,,,,,,,,,,,,,,,,,,,,,,,,,,,,,,,
,特殊,◇ポジションマッチ A2,,,,,◇ポジションマッチ A2,,,,,◇ポジションマッチ A2,,,,,◇ポジションマッチ A2,,,,,◇ポジションマッチ A2,,,,,◇ポジションマッチ A2,,,,,◇ポジションマッチ A2,,,,
,,◇ポジションマッチ_36歳以上 A2,,,,,◇ポジションマッチ_36歳以上 A2,,,,,◇ポジションマッチ_36歳以上 A2,,,,,◇ポジションマッチ_36歳以上 A2,,,,,◇ポジションマッチ_36歳以上 A2,,,,,◇ポジションマッチ_36歳以上 A2,,,,,◇ポジションマッチ_36歳以上 A2,,,,
18,毎週,☆エンジニア_経験_首都圏版,,0,部,内,☆営業_経験_首都圏版,,0,部,荒,☆販サ_経験_35歳以上_首都圏版,,0,部,平,,,0,,,関西限定事務求人特集,,0,R,,プライベート重視_35歳以上,,0,R,,事務_経験_35歳以上_首都圏版,,0,R,
,,☆エンジニア_未経験_首都圏版,,,部,内,☆営業_未経験_首都圏版,,,部,荒,☆販サ_経験_35歳以上_全国版,,,部,平,,,,,,賞与3ヶ月以上×リモート_ランキング,,,R,,月曜日はリモート×フレックスで働く,,,R,,事務_未経験_35歳以上_首都圏版,,,R,
,,,,,,,駅直結_事務,,,R,,☆販サ_経験_首都圏版,,,部,平,,,,,,,,,,,,,,,,事務_未経験_休眠会員_首都圏版,,,R,
,,,,,,,,,,,,☆販サ_経験_全国版,,,部,平,,,,,,,,,,,,,,,,自己PR不要_フルリモート,,,R,
,,,,,,,,,,,,☆販サ_未経験_35歳以上_首都圏版,,,,,,,,,,,,,,,,,,,,中国地方で働く,,,,
,,,,,,,,,,,,☆販サ_未経験_首都圏版,,,,,,,,,,,,,,,,,,,,,,,,
,,,,,,,,,,,,40代事務ランキング,,,,,,,,,,,,,,,,,,,,,,,,
,,,,,,,,,,,,,,,,,,,,,,,,,,,,,,,,,,,,
,新規,スカウトリマインド,,,,,,,,,,,,,,,人気単独求人_おまとめメルマガ,,,,,,,,,,増発_フレキシブル事務,,,,,,,,,
,,,,,,,,,,,,,,,,,,,,,,,,,,,,,,,,,,,,
,,,,,,,,,,,,,,,,,,,,,,,,,,,,,,,,,,,,
,,,,,,,,,,,,,,,,,,,,,,,,,,,,,,,,,,,,
,,,,,,,,,,,,,,,,,,,,,,,,,,,,,,,,,,,,
,特殊,◇ポジションマッチ A2,,,,,◇ポジションマッチ A2,,,,,◇ポジションマッチ A2,,,,,◇ポジションマッチ A2,,,,,◇ポジションマッチ A2,,,,,◇ポジションマッチ A2,,,,,◇ポジションマッチ A2,,,,
,,◇ポジションマッチ_36歳以上 A2,,,,,◇ポジションマッチ_36歳以上 A2,,,,,◇ポジションマッチ_36歳以上 A2,,,,,◇ポジションマッチ_36歳以上 A2,,,,,◇ポジションマッチ_36歳以上 A2,,,,,◇ポジションマッチ_36歳以上 A2,,,,,◇ポジションマッチ_36歳以上 A2,,,,
19,毎週,35歳以上向け_関西 A,,0,R,,フルリモート×正社員,,0,R,,未経験エンジニア希望向け_首都圏,,0,R,,経験_アパレル・コスメ,,0,R,,フルリモート×未経験歓迎,,0,R,,☆TP部メルマガ,,0,荒,平,関西‗超好条件_事務,,0,部,武
,,40代ラスト転職,,,R,,渋谷・恵比寿勤務_事務,,,R,,,,,,,経験_一般事務,,,R,,,,,,,☆TP部メルマガ_未就業,,,荒,平,自己PR不要_35歳以上,,,R,
,,TP部_営業_現住所,,,R,,未経験_研修・資格_エンジニア系_首都圏,,,R,,,,,,,経験_営業,,,R,,,,,,,ランキング_販サ（フロント）_希望,,,R,,全国_超好条件_事務,,,R,
,,フルリモート_全国_エンジニア,,,R,,六本木勤務,,,R,,,,,,,,,,,,,,,,,上場_営業経験,,,R,,超好条件_エンジニア,,,部,石
,,フルリモート_全国_営業,,,,,,,,,,,,,,,,,,,,,,,,,上場_事務経験,,,,,,,,,
,,フルリモート_全国_事務,,,,,,,,,,,,,,,,,,,,,,,,,上場_販サ経験,,,,,,,,,
,,未経験_研修・資格_事務系_関西,,,,,,,,,,,,,,,,,,,,,,,,,,,,,,,,,,
,,未経験_研修・資格_事務系_首都圏,,,,,,,,,,,,,,,,,,,,,,,,,,,,,,,,,,
,新規,,,,,,アプリ人気,,,,,フルリモートランキング_新規30日以降,,,,,内定まで最短,,,,,,,,,,,,,,,,,,,
,,,,,,,,,,,,,,,,,,,,,,,,,,,,,,,,,,,,
,,,,,,,,,,,,,,,,,,,,,,,,,,,,,,,,,,,,
,,,,,,,,,,,,,,,,,,,,,,,,,,,,,,,,,,,,
,,,,,,,,,,,,,,,,,,,,,,,,,,,,,,,,,,,,
,特殊,◇ポジションマッチ A2,,,,,◇ポジションマッチ A2,,,,,◇ポジションマッチ A2,,,,,◇ポジションマッチ A2,,,,,◇ポジションマッチ A2,,,,,◇ポジションマッチ A2,,,,,◇ポジションマッチ A2,,,,
,,◇ポジションマッチ_36歳以上 A2,,,,,◇ポジションマッチ_36歳以上 A2,,,,,◇ポジションマッチ_36歳以上 A2,,,,,◇ポジションマッチ_36歳以上 A2,,,,,◇ポジションマッチ_36歳以上 A2,,,,,◇ポジションマッチ_36歳以上 A2,,,,,◇ポジションマッチ_36歳以上 A2,,,,
20,毎週,当日新規会員,,0,荒,内,これから人気,,0,R,,事務職 A,,0,R,,残業したくない,,0,R,,35歳以上向け B,,0,R,,異業種提案_事務,,0,R,,36歳以上正社員求人,,0,R,
,,,,,,,ユニークな福利厚生制度_B,,,R,,事務職_35歳以上 A_ランキング,,,R,,残業したくない_関西,,,R,,35歳以上向け_関西 B,,,R,,正社員_関西,,,R,,広報・マーケティング_リモート_未経験,,,R,
,,,,,,,大手上場_35歳以上 A,,,R,,事務職_関西 A,,,R,,住宅手当あり_首都圏,,,R,,35歳未満_PV多い求人,,,R,,当日新規会員,,,荒,内,国認定企業,,,R,
,,,,,,,大手上場_関西 A,,,R,,首都圏_フルリモート_求人特集,,,R,,住宅手当あり_首都圏_35歳以上,,,R,,当日新規会員,,,荒,内,,,,,,新規会員向け_フルリモート×未経験歓迎,,,R,
,,,,,,,大手上場_第二新卒 A,,,,,当日新規会員,,,,,当日新規会員,,,,,,,,,,,,,,,当日新規会員,,,,
,,,,,,,当日新規会員,,,,,未経験_研修・資格_クリエイティブ系_埼玉神奈川千葉,,,,,,,,,,,,,,,,,,,,不動産×事務,,,,
,,,,,,,,,,,,未経験_研修・資格_クリエイティブ系_東京,,,,,,,,,,,,,,,,,,,,,,,,
,,,,,,,,,,,,,,,,,,,,,,,,,,,,,,,,,,,,
,新規,,,,,,,,,,,,,,,,有給取得率,,,,,,,,,,,,,,,保育士_幼稚園教諭,,,,
,,,,,,,,,,,,,,,,,有給取得率,,,,,,,,,,,,,,,保育士_幼稚園教諭,,,,
,,,,,,,,,,,,,,,,,,,,,,,,,,,,,,,,,,,,
,,,,,,,,,,,,,,,,,,,,,,,,,,,,,,,,,,,,
,,,,,,,,,,,,,,,,,,,,,,,,,,,,,,,,,,,,
,特殊,◇ポジションマッチ A2,,,,,◇ポジションマッチ A2,,,,,◇ポジションマッチ A2,,,,,◇ポジションマッチ A2,,,,,◇ポジションマッチ A2,,,,,◇ポジションマッチ A2,,,,,◇ポジションマッチ A2,,,,
,,◇ポジションマッチ_36歳以上 A2,,,,,◇ポジションマッチ_36歳以上 A2,,,,,◇ポジションマッチ_36歳以上 A2,,,,,◇ポジションマッチ_36歳以上 A2,,,,,◇ポジションマッチ_36歳以上 A2,,,,,◇ポジションマッチ_36歳以上 A2,,,,,◇ポジションマッチ_36歳以上 A2,,,,
21,毎週,WEB面接・コロナ対策,,0,R,,◇ウキにしか掲載していない求人,,0,部,武,応募から1日_好条件事務ランキング,,0,R,,ウルトラ好条件,,0,R,,応募から1日_好条件事務ランキング,,0,R,,リモート_ランキング,,0,R,,フルフレックス,,0,R,
,,ランキング_事務（貿易事務）_希望,,,R,,応募から1日_好条件事務ランキング,,,R,,応募から3日会員,,,R,,応募から1日_好条件事務ランキング,,,R,,応募から3日会員,,,R,,応募から1日_好条件事務ランキング,,,R,,営業_カタカナ職業,,,R,
,,応募から1日_好条件事務ランキング,,,R,,応募から3日会員,,,R,,学歴不問×大手上場企業,,,R,,応募から3日会員,,,R,,月給30万以上_ランキング,,,R,,応募から3日会員,,,R,,応募から1日_好条件事務ランキング,,,R,
,,応募から3日会員,,,R,,年収UP_営業,,,R,,新働きやすさ_A,,,R,,希望業種_人材サービス,,,R,,検討中ランキング_クリエイティブ,,,R,,名駅・栄駅で働く,,,R,,応募から3日会員,,,R,
,,,,,,,年収UP_事務,,,,,新働きやすさ_A_関西,,,,,,,,,,検討中ランキング_販サ,,,,,,,,,,,,,,
,,,,,,,年収UP_販サ,,,,,髪色・服装自由_事務,,,,,,,,,,事務（一般事務）_希望,,,,,,,,,,,,,,
,,,,,,,,,,,,,,,,,,,,,,,,,,,,,,,,,,,,
,,,,,,,,,,,,,,,,,,,,,,,,,,,,,,,,,,,,
,新規,フルリモート×フレックス_エンジニア,,,,,,,,,,,,,,,,,,,,,,,,,,,,,,,,,,
,,フルリモート×フレックス_エンジニア,,,,,,,,,,,,,,,,,,,,,,,,,,,,,,,,,,
,,,,,,,,,,,,,,,,,,,,,,,,,,,,,,,,,,,,
,,,,,,,,,,,,,,,,,,,,,,,,,,,,,,,,,,,,
,,,,,,,,,,,,,,,,,,,,,,,,,,,,,,,,,,,,
,特殊,◇ポジションマッチ A2,,,,,◇ポジションマッチ A2,,,,,◇ポジションマッチ A2,,,,,◇ポジションマッチ A2,,,,,◇ポジションマッチ A2,,,,,◇ポジションマッチ A2,,,,,◇ポジションマッチ A2,,,,
,,◇ポジションマッチ_36歳以上 A2,,,,,◇ポジションマッチ_36歳以上 A2,,,,,◇ポジションマッチ_36歳以上 A2,,,,,◇ポジションマッチ_36歳以上 A2,,,,,◇ポジションマッチ_36歳以上 A2,,,,,◇ポジションマッチ_36歳以上 A2,,,,,◇ポジションマッチ_36歳以上 A2,,,,