【うき】　 メルマガPR 管理表,,,,,,,,
▼ルール▼,,,,,,,,
・PRを挿入するメルマガには、スケジュールの枠に「PR＊（PR IDを入れ下さい）（期限まで/のみ）」を入力する　※PRを削除する週は「PR＊（PR IDを入れ下さい）削除」を入力する,,,,,,,,
・PRが終了したら、グレーにする,,,,,　,,,
・新着メルマガPRも管理表に入れる,,,,,,,,
※リストに記載が無い場合、把握漏れの可能性があります。ご連絡下さい。（2018/1/23荒木）,,,,,,,,
PR ID,名称,PRが入るメルマガ,PR文面,開始予定日,終了予定日,終了,備考,
1,営業大特集,企画営業職新着,"
┏━━━★注目大特集★━━━━━┓

◆営業大特集◆

自分の頑張りが評価・収入につながりやすい営業職の求人情報をお届け！
今後のキャリアの選択肢を拡げてみませんか?
https://woman.type.jp/s/salessp/?waad=waw0yO0y&routeway=85&xmid=<%XMID%>&ac=<%USR_SEQ%>

┗━━━━━━━━━━━━━━━┛",2017/03/**,2017/03/29,終了,,
２,営業・医療大特集（２つ合体版）,★新着総合[全],"

┏━━━★注目大特集★━━━━━┓

◆営業大特集◆

自分の頑張りが評価・収入につながりやすい営業職の求人情報をお届け！
今後のキャリアの選択肢を拡げてみませんか?
https://woman.type.jp/s/salessp/?waad=waw0yO0y&routeway=85&xmid=<%XMID%>&ac=<%USR_SEQ%>

◆医療・介護・福祉業界に関わる仕事特集◆

需要が高まっている医療・介護・福祉・保育の求人情報をお届け！
専門スキルを磨いて社会に貢献しながら長く働いてみませんか?
https://woman.type.jp/s/kaigosp/?waad=ZeF7KLdD&routeway=85&xmid=<%XMID%>&ac=<%USR_SEQ%>

┗━━━━━━━━━━━━━━━┛",2017/03/**,2017/03/29,終了,,
３,営業・医療大特集＆納品対策キャンペーン（３つ合体版）,納品対策,"┏━━━★注目大特集★━━━━━┓

◆営業大特集◆

自分の頑張りが評価・収入につながりやすい営業職の求人情報をお届け♪
今後のキャリアの選択肢を拡げてみませんか?
https://woman.type.jp/s/salessp/?waad=waw0yO0y&routeway=85&xmid=<%XMID%>&ac=<%USR_SEQ%>

◆医療・介護・福祉業界に関わる仕事特集◆

需要が高まっている医療・介護・福祉・保育の求人情報をお届け♪
専門スキルを磨いて社会に貢献しながら長く働いてみませんか?
https://woman.type.jp/s/kaigosp/?waad=ZeF7KLdD&routeway=85&xmid=<%XMID%>&ac=<%USR_SEQ%>

◆編集部が厳選！この春注目の求人◆
https://woman.type.jp/job-feature/17503/?waad=5dGH3jIe&routeway=85&xmid=<%XMID%>&ac=<%USR_SEQ%>

┗━━━━━━━━━━━━━━━┛",2017/03/**,2017/03/28,終了,,
４,納品対策キャンペーン,納品対策,"┏━━━★注目求人特集★━━━━━┓

◆編集部が厳選！この春注目の求人◆
https://woman.type.jp/job-feature/17503/?waad=5dGH3jIe&routeway=85&xmid=<%XMID%>&ac=<%USR_SEQ%>

┗━━━━━━━━━━━━━━━┛",2017/04/03,2017/04/24,終了,,
5,アパレル大特集,サービス・販売職経験者向け,"┏━━━★期間限定特集★━━━━┓

10年後、20年後も女性として輝き続けたい！
仕事を通して自分もキレイになれる
アパレル・コスメ業界の求人情報をお届け！

◆アパレル・コスメ業界大特集◆
https://woman.type.jp/s/fashion/sp20160927/?waad=Sc9pToTa&routeway=85&xmid=<%XMID%>&ac=<%USR_SEQ%>

┗━━━━━━━━━━━━━━━┛",2017/05/26,2017/06/22,終了,,
6,アパレル大特集＆女性活躍推進企業特集（２つ合体版）,"★新着総合[全]
編集部オススメ
納品対策","┏━━━★期間限定特集★━━━━┓

----------注目特集１-------------
10年後、20年後も女性として輝き続けたい！
仕事を通して自分もキレイになれる
アパレル・コスメ業界の求人情報をお届け！

◆アパレル・コスメ業界大特集◆
https://woman.type.jp/s/fashion/sp20160927/?waad=Sc9pToTa&routeway=85&xmid=<%XMID%>&ac=<%USR_SEQ%>

----------注目特集２-------------
女の転職＠typeでは、経済産業省や厚生労働省が認定している企業の
求人情報などお届け！

結婚しても、出産してもキャリアを諦めたくない
そんな女性の「働く」を応援しています。

◆女性の活躍推進企業特集◆
https://woman.type.jp/s/jyosei-katsuyaku/sp20161202/?waad=u9XKkK3g&routeway=85&xmid=<%XMID%>&ac=<%USR_SEQ%>

┗━━━━━━━━━━━━━━━┛",2017/05/26,2017/06/22,終了,,
7,女性活躍推進企業特集,"★新着総合[全]
編集部オススメ
納品対策","┏━━━★期間限定特集★━━━━┓

女の転職＠typeでは、経済産業省や厚生労働省が認定している企業の
求人情報などお届け！

結婚しても、出産してもキャリアを諦めたくない
そんな女性の「働く」を応援しています。

◆女性の活躍推進企業特集◆
https://woman.type.jp/s/jyosei-katsuyaku/sp20161202/?waad=u9XKkK3g&routeway=85&xmid=<%XMID%>&ac=<%USR_SEQ%>

┗━━━━━━━━━━━━━━━┛",使わない,使わない,終了,,
8,大和ライフネクスト,35歳以上向け,"……………………………………………
　　編集部イチオシ求人 PICK-UP
----------------------------------
★社名：大和ライフネクスト株式会社（大和ハウスグループ）
└職種名：マンション運営コンサルタント【40・50代活躍】未経験★正社員★ブランクOK 
└勤務地：首都圏（新宿/赤坂）奈良・兵庫 宮城・石川・広島 その他
URL：https://woman.type.jp/job-offer/260551/?waad=TKJazfnD&routeway=85&xmid=<%XMID%>&ac=<%USR_SEQ%>
……………………………………………",2017/06/10,2017/06/24,終了,6/10と6/24の２回配信,
9,大和ライフネクスト,35歳以上向け_関西,"……………………………………………
　　編集部イチオシ求人 PICK-UP
----------------------------------
★社名：大和ライフネクスト株式会社（大和ハウスグループ）
└職種名 ：マンション運営コンサルタント【40・50代活躍】未経験★正社員★ブランクOK 
└勤務地 ：奈良・兵庫 
URL：　https://woman.type.jp/job-offer/260551/?waad=TKJazfnD&routeway=85&xmid=<%XMID%>&ac=<%USR_SEQ%>
……………………………………………
",2017/06/10,2017/06/24,終了,6/10と6/24の２回配信,
10,"女性フェア「営業」特設バナー
","希望職種_営業
","━ PR ━━━━━━━━━━━━━━
女性向け転職イベント出展！営業・販売職、人と関わる仕事特集
https://woman.type.jp/job-feature/17383/?waad=kBMpImYJ&routeway=85&xmid=<%XMID%>&ac=<%USR_SEQ%>
━━━━━━━━━━━━━━━━━
",2017/06/13,2017/06/26,終了,期間中に１回のみ掲載,
11,女性フェア「販サ」特設バナー,希望職種_販サ,"━ PR ━━━━━━━━━━━━━━
女性向け転職イベント出展！営業・販売職、人と関わる仕事特集
https://woman.type.jp/job-feature/17383/?waad=bSYoxe9a&routeway=85&xmid=<%XMID%>&ac=<%USR_SEQ%>
━━━━━━━━━━━━━━━━━",2017/06/13,2017/06/26,終了,期間中に１回のみ掲載,
12,介護大特集＆女性活躍推進企業特集（２つ合体版）,"★新着総合[全]
編集部オススメ
納品対策","

┏━━━★期間限定特集★━━━━━┓

---------◆注目特集1◆---------------
介護・保育・医療・福祉業界の特集をお届け！

社会の変化に伴い、ニーズが拡大している今がチャンス！
ぜひチェックしてみて下さい。

◆介護・保育・医療・福祉業界に関わる仕事特集◆
https://woman.type.jp/s/kaigosp/?waad=fb5rf2VK&routeway=85&xmid=<%XMID%>&ac=<%USR_SEQ%>

---------◆注目特集2◆---------------
女の転職＠typeでは、経済産業省や厚生労働省が認定している企業の
求人情報などお届け！

結婚しても、出産してもキャリアを諦めたくない
そんな女性の「働く」を応援しています。

◆女性の活躍推進企業特集◆
https://woman.type.jp/s/jyosei-katsuyaku/sp20161202/?waad=u9XKkK3g&routeway=85&xmid=<%XMID%>&ac=<%USR_SEQ%>

┗━━━━━━━━━━━━━━━┛
",2017/06/23,2017/07/19,終了,どちらの特集も7/20終了のため、7/19までは掲載する。,
13,Woman type　PR,（木14）コンテンツメルマガ,"┏━★今週の転職お役立ち情報★━┓

復職ママ、転職活動のリアル
「産休・育休明けの転職はナシ！？」「夜の面接どうするの？」
https://woman.type.jp/wt/feature/7560/?waad=QsxFLcNG&routeway=85&xmid=<%XMID%>&ac=<%USR_SEQ%>

「うちが第一希望？」「他にどんな会社受けてる？」
面接で聞かれて困る質問６つに対する模範解答って？
https://woman.type.jp/wt/feature/6456/?waad=QsxFLcNG&routeway=85&xmid=<%XMID%>&ac=<%USR_SEQ%>

┗━━━━━━━━━━━━━━━━┛",2017/07/27,2017/08/24,"終了
↓
定期化","毎週火曜日に福田さんから入稿される

※8/22更新済",
14,IT・Web業界の大特集,（火12・金12）新着,"┏━━━★注目大特集★━━━━━┓

専門スキルを身につけられる！
IT・Web業界の求人情報をお届け♪

この機会に「手に職」を身につけてみませんか？

◆IT・Web業界大特集◆
https://woman.type.jp/s/websp/?waad=I8eaov0q&routeway=85&xmid=<%XMID%>&ac=<%USR_SEQ%>

┗━━━━━━━━━━━━━━━┛",2017/08/01,2017/09/01,終了,"「PR企業」の下
「※今週の新着求人～こちら」の上
に入れる。",
15,IT・Web業界の大特集,（月13）希望職種_クリエイティブ,"┏━━━★注目大特集★━━━━━┓

専門スキルを身につけられる！
IT・Web業界の求人情報をお届け♪

この機会に「手に職」を身につけてみませんか？

◆IT・Web業界大特集◆
https://woman.type.jp/s/websp/?waad=I8eaov0q&routeway=85&xmid=<%XMID%>&ac=<%USR_SEQ%>

┗━━━━━━━━━━━━━━━┛",2017/08/07,2017/09/04,終了,「必掲求人」の下　に入れる。,
16,IT・Web業界の大特集,（日20）正社員,"┏━━━★注目大特集★━━━━━┓

専門スキルを身につけられる！
IT・Web業界の求人情報をお届け♪

この機会に「手に職」を身につけてみませんか？

◆IT・Web業界大特集◆
https://woman.type.jp/s/websp/?waad=I8eaov0q&routeway=85&xmid=<%XMID%>&ac=<%USR_SEQ%>

┗━━━━━━━━━━━━━━━┛",2017/08/06,2017/09/03,終了,"「導入文」の下
「INDEX」の上　に入れる。",
17,イベント告知,8/14（月）15時　事務職,"★･･･━━━━━━━━━━━━━
M･A･C メイクアップアーティストが教える！
豪華メイクイベントを開催★
デイリーメイクに使える、簡単ポイント。
【お申し込みはこちら】https://goo.gl/Ry5DMQ
━━━━━━━━━━━━━･･･★",2017/08/14,2017/08/14,終了,紹介事業部からの依頼,
18,イベント告知,（水12）休日120日_就業中,"━ PR ━━━━━━━━━━━━━━
【働く女性のためのキャリアセミナー情報】
9月14日（木）『私を変える！ 幸せに生きていくために大切な５つのこと』
https://woman.type.jp/wt/feature/7613/?waad=Jg8YhZV4
━━━━━━━━━━━━━━━━━",2017/08/30,2017/09/13,終了,"吉川さんからの依頼

冒頭文の下に入れる。",
19,アパレル大特集,（火金12）新着総合,"┏━━━★期間限定特集★━━━━━┓

10年後、20年後も女性として輝き続けたい！
仕事を通して自分もキレイになれる
アパレル・コスメ業界の求人情報をお届け！

◆アパレル・コスメ業界大特集◆
https://woman.type.jp/s/fashion/sp20160927/?waad=Sc9pToTa&routeway=85&xmid=<%XMID%>&ac=<%USR_SEQ%>

┗━━━━━━━━━━━━━━━┛",2017/09/05,2017/10/02,終了,"「PR企業」の下
「※今週の新着求人～こちら」の上
に入れる。",
20,アパレル大特集,（日16）サービス・販売職経験者向け,"┏━━━★期間限定特集★━━━━━┓

10年後、20年後も女性として輝き続けたい！
仕事を通して自分もキレイになれる
アパレル・コスメ業界の求人情報をお届け！

◆アパレル・コスメ業界大特集◆
https://woman.type.jp/s/fashion/sp20160927/?waad=Sc9pToTa&routeway=85&xmid=<%XMID%>&ac=<%USR_SEQ%>

┗━━━━━━━━━━━━━━━┛",2017/09/10,2017/10/02,終了,"「冒頭文」の下
「INDEX」の上
に入れる。",
21,アパレル大特集,"（月11）納品対策
","┏━━━★期間限定特集★━━━━━┓

10年後、20年後も女性として輝き続けたい！
仕事を通して自分もキレイになれる
アパレル・コスメ業界の求人情報をお届け！

◆アパレル・コスメ業界大特集◆
https://woman.type.jp/s/fashion/sp20160927/?waad=Sc9pToTa&routeway=85&xmid=<%XMID%>&ac=<%USR_SEQ%>

┗━━━━━━━━━━━━━━━┛",2017/09/11,2017/10/02,終了,"「冒頭文」の下
「INDEX」の上
に入れる。",
22,イベント告知,"（火20）
・20代に人気
・20代に人気_第二新卒","★･･･━━━━━━━━━━━━━
9/15(金)開催 【無料イベント】
自身も23kgの減量に成功！元アスリートに学ぶ
女性のためのセルフプロデュース術＆身だしなみ講座
【お申し込みはこちら】https://goo.gl/7SGFkw
━━━━━━━━━━━━━･･･★",2017/09/12,2017/09/12,終了,,
23,営業大特集,"（火金12）新着総合
（日10）事務・営業職経験者向け
（月11）納品対策","┏━━━★期間限定特集★━━━━━┓

◆◆営業大特集◆◆

自分の頑張りが評価・収入につながりやすい営業職の求人情報をお届け！
今後のキャリアの選択肢を拡げてみませんか?
 >>https://woman.type.jp/s/salessp/?waad=waw0yO0y&routeway=85&xmid=<%XMID%>&ac=<%USR_SEQ%>

┗━━━━━━━━━━━━━━━┛",2017/10/03,2017/10/30,終了,"（火金12）新着総合→PR19と入替

（日10）事務・営業職経験者向け→「冒頭文」の下・「INDEX」の上に入れる。

（月11）納品対策→PR21と入替",
24,女性ITイベント,"（日16）事務・営業職経験者向け
（日16）サービス・販売職経験者向け","━ PR ━━━━━━━━━━━━━━
【ゼロから始めるWebデザイン講座】参加申し込み受付中
━━━━━━━━━━━━━━━━━
2017年11月21日（火）19：00～＠渋谷
★無料＆ケータリング付き

▼詳細はこちらから▼
https://woman.type.jp/wt/feature/8065?waad=lH0U1oar
━━━━━━━━━━━━━━━━━",2010/10/29,2017/11/09,終了,フッター最上部に差し込む,
25,女性活躍推進企業特集,"（火金12）新着総合
（水14）編集部オススメ
（月11）納品対策","┏━━━★期間限定特集★━━━━━┓

女の転職＠typeでは、経済産業省や厚生労働省が認定している企業の
求人情報などお届け！

結婚しても、出産してもキャリアを諦めたくない
そんな女性の「働く」を応援しています。

◆女性の活躍推進企業特集◆
https://woman.type.jp/s/jyosei-katsuyaku/sp20161202/?waad=u9XKkK3g

┗━━━━━━━━━━━━━━━┛",2017/11/06,2018/01/08,終了,"（火金12）新着総合→「PR企業」の下、「※今週の新着求人～こちら」の上に入れる。

（水14）編集部オススメ→プログラムの下に入れる。

（月11）納品対策→「冒頭文」の下、「INDEX」の上に入れる。",
26,TMPアンケート,"（土9）求人特集
（月20）20～35歳正社員求人","━ PR ━━━━━━━━━━━━━━
★★★女性向けアンケート★★★
「男性の印象がUPするのはどんな時？」
━━━━━━━━━━━━━━━━━
姉妹サイト「typeメンバーズパーク」では、
「職場の男性の印象がUPする時」についてアンケートを実施中！
女性目線のあなたの意見をお聞かせください！
https://s360.jp/form/30489-2497/?waad=lMhk2Uyq
━━━━━━━━━━━━━━━━━",2017/11/11,2017/11/13,終了,フッター最上部に差し込む,
27,IT女子イベント,"（日16）事務・営業職経験者向け
（日16）サービス・販売職経験者向け
（月20）20～35歳正社員求人","━ PR ━━━━━━━━━━━━━━
未経験でもプログラミング体験できる！
【ITスキルで広がる女性の働き方の未来】
━━━━━━━━━━━━━━━━━
2018年03月17日(土)　
一部13：00～／二部16：00～＠渋谷
★無料＆軽食付き

▼エントリーはこちらから▼
https://woman.type.jp/seminar/detail/30951/?waad=lH0U1oar
━━━━━━━━━━━━━━━━━",2018/02/05,2018/03/05,終了,フッター最上部に差し込む,
28,小規模フェア,"（火20）35歳以上向け A
（土20）35歳以上向け B","━ PR ━━━━━━━━━━━━━━
★無料／軽食つき★
【40・50代が主役になれる仕事に出会えるセミナー】
----------------------------------
2018年3月6日（火）13：30～ ＠赤坂

▼エントリーはこちらから▼
https://woman.type.jp/seminar/detail/31017/?waad=9HJAROmM
━━━━━━━━━━━━━━━━━",2018/02/06,2018/02/13,終了,フッター最上部に差し込む,
29,介護大特集,"（火金12）新着総合
（火14）福祉事務、福祉事務_35歳以上
（月11）納品対策","┏━━━★期間限定特集★━━━┓

介護・保育・医療・福祉業界の特集をお届け！

社会の変化に伴い、ニーズが拡大している今がチャンス！
ぜひチェックしてみて下さい。

◆介護・保育・医療・福祉業界に関わる仕事特集◆
https://woman.type.jp/s/kaigosp/?waad=fb5rf2VK&routeway=85&xmid=<%XMID%>&ac=<%USR_SEQ%>

┗━━━━━━━━━━━━━━┛",2018/02/20,2018/03/19,終了,"（火金12）新着総合→「PR企業」の下、「※今週の新着求人～こちら」の上に入れる。

（火14）福祉事務、福祉事務_35歳以上→冒頭文の下に入れる。

（月11）納品対策→「冒頭文」の下、「INDEX」の上に入れる。",
30,アパレル大特集,"（木12）応募ランキング B
（金12）新着総合
（土12）検討中ランキング
（日09）応募ランキング C
（月11）納品対策","┏━━━★期間限定特集★━━━━┓

10年後、20年後も女性として輝き続けたい！
仕事を通して自分もキレイになれる
アパレル・コスメ業界の求人情報をお届け！

◆アパレル・コスメ業界大特集◆
https://woman.type.jp/s/fashion/sp20160927/?waad=Sc9pToTa&routeway=85&xmid=<%XMID%>&ac=<%USR_SEQ%>

┗━━━━━━━━━━━━━━━┛",2018/02/15,2018/02/19,終了,"（木12）応募ランキング B→冒頭文の下に。

（金12）新着総合→「PR企業」の下、「※今週の新着求人～こちら」の上に。

（土12）検討中ランキング→冒頭文の下に。

（日09）応募ランキング C→冒頭文の下に。


（月11）納品対策→「冒頭文」の下、「INDEX」の上に。",
31,アパレル大特集,"（火19）応募ランキング A
（木12）応募ランキング B
（土12）検討中ランキング
（日09）応募ランキング C","┏━━━★期間限定特集★━━━━┓

10年後、20年後も女性として輝き続けたい！
仕事を通して自分もキレイになれる
アパレル・コスメ業界の求人情報をお届け！

◆アパレル・コスメ業界大特集◆
https://woman.type.jp/s/fashion/sp20160927/?waad=Sc9pToTa&routeway=85&xmid=<%XMID%>&ac=<%USR_SEQ%>

┗━━━━━━━━━━━━━━━┛",2018/02/27,2018/03/26,終了,"（火19）応募ランキング A→冒頭文の下に。

（木12）応募ランキング B→冒頭文の下に。

（土12）検討中ランキング→冒頭文の下に。

（日09）応募ランキング C→冒頭文の下に。",
32,女性推進／IT・Web大特集,"（火金12）新着総合
（月11）納品対策","┏━━━★期間限定特集★━━━━┓

◆国認定企業もあり！女性の活躍推進企業特集◆
https://woman.type.jp/s/jyosei-katsuyaku/sp20161202/?waad=V7ubckQG&xmid=<%XMID%>&ac=<%USR_SEQ%>

◆専門スキルを身につけられる！IT・Web業界大特集◆
https://woman.type.jp/s/websp/?waad=SUBUNnw7&xmid=<%XMID%>&ac=<%USR_SEQ%>

┗━━━━━━━━━━━━━━━┛",2018/03/20,2018/04/16,終了,"（火金12）新着総合→「PR企業」の下、「※今週の新着求人～こちら」の上に入れる。

（月11）納品対策→「冒頭文」の下、「INDEX」の上に入れる。",
33,女性推進大特集,"（火金12）新着総合
（月11）納品対策","┏━━━★期間限定特集★━━━━┓

◆国認定企業もあり！女性の活躍推進企業特集◆
https://woman.type.jp/s/jyosei-katsuyaku/sp20161202/?waad=V7ubckQG&xmid=<%XMID%>&ac=<%USR_SEQ%>

┗━━━━━━━━━━━━━━━┛",2018/04/17,2018/05/14,終了,"（火金12）新着総合→「PR企業」の下、「※今週の新着求人～こちら」の上に入れる。

（月11）納品対策→「冒頭文」の下、「INDEX」の上に入れる。",
34,@type機能紹介,（木12）応募ランキング B,"-----------------
★「＠type」から耳より情報★

女の転職＠typeの姉妹サイト『＠type』には
自己PRも職務経歴書も書かずに応募できる企業があるのを知っていますか？？

◎業務経験が無くても大歓迎
◎性格重視の選考を行っている

こんな企業に応募したい方にはピッタリ！！
入力項目が少ない簡単なフォームから応募ができます！

自己PRと職務経歴書ナシでも応募できる企業を確認してみてください♪
⇒ https://type.jp/special/4165/?waad=QbgJwn9O
-----------------",2018/05/10,2018/05/24,終了,冒頭文の下に入れる。,
35,女性向けミドルセミナー,"（火20）35歳以上向け A
（土20）35歳以上向け B","━ PR ━━━━━━━━━━━━━━
★参加無料★
【 これからが本番！40代～主役になれる仕事に出会えるセミナー！】
---------------------------------- 
2018年6月8日(金)  13：00～ ＠赤坂

▼エントリーはこちらから▼
https://woman-type.jp/seminar/detail/31017/?waad=FcOlE4mL
━━━━━━━━━━━━━━━━━",2018/05/26,2018/06/05,終了,フッター最上部　⇒　冒頭文直下　に変更,
36,志向別大特集,"（火金12）新着総合
（月11）納品対策","┏━━━★期間限定特集★━━━━┓

◆「“理想の働き方”から長く働ける職場を見つける！」大特集◆
https://woman-type.jp/s/careertype/?waad=Whzxo6Kw

┗━━━━━━━━━━━━━━━┛",2018/05/28,2018/06/19,終了,"（火金12）新着総合→「PR企業」の下、「※今週の新着求人～こちら」の上に入れる。

（月11）納品対策→「冒頭文」の下、「INDEX」の上に入れる。",
37,女性ITイベント,"（火20）20代に人気
（木14）リモートワーク A
（日9）応募ランキング C","━ PR ━━━━━━━━━━━━━━
未経験でもプログラミング体験できる！
【ITスキルで広がる女性の働き方の未来】
━━━━━━━━━━━━━━━━━
2018年07月07日(土)
13：00～16：00　＠渋谷

★無料＆軽食付き

▼エントリーはこちらから▼
https://woman-type.jp/seminar/detail/30951/?waad=lH0U1oar
━━━━━━━━━━━━━━━━━",2018/06/19,2018/07/02,終了,「冒頭文」の下に入れる。,
38,販サ大特集,（月11）納品対策,"┏━━━★期間限定特集★━━━━┓

◆実は魅力がたくさん！「サービス・販売系職種」大特集◆
https://woman-type.jp/s/service/?waad=fjHIdBUn

◆2018年後半は心機一転！この時期だから出会えるおすすめ求人特集◆
https://woman-type.jp/job-feature/18103?waad=XSM15xGb

┗━━━━━━━━━━━━━━━┛",2018/06/25,2018/07/16,終了,「冒頭文」の下、「INDEX」の上に入れる。,
39,営業大特集,"（火金12）新着総合
（月11）納品対策","┏━━━★期間限定特集★━━━━┓

◆オンもオフも輝ける！営業大特集◆
https://woman-type.jp/s/salessp/?waad=waw0yO0y

┗━━━━━━━━━━━━━━━┛",2018/07/23,2018/08/21,終了,"「PR企業」の下
「※今週の新着求人～こちら」の上
に入れる。",
40,Sansanイベント告知,"（火20）
20代に人気
20代に人気_第二新卒","▼ PR ▼ ━━━━━━━━━━━━━
 【会員限定特別無料イベントのお知らせ｜女の転職×Eight】
 9月19日（水）『働く女性のためのマインドフルネス体験講座
 心のNG習慣を捨ててキャリアの不安を解消しよう！』
※ジャン=ポール・エヴァンのチョコレートつき！
 https://woman-type.jp/seminar/detail/31128/?waad=U3I4lF5G
━━━━━━━━━━━━━━━━━",2018/08/28,2018/09/11,終了,INDEX下、求人の上に入れる。,
41,IT・介護大特集,"（火金12）新着総合
（月12）納品対策","┏━━━★期間限定特集★━━━━┓

◆専門スキルを身につけられる！IT・Web業界大特集◆
https://woman-type.jp/s/websp/?waad=SUBUNnw7

◆専門知識を活かして社会に貢献！介護・保育・医療・福祉業界に関わる仕事特集◆
https://woman-type.jp/s/kaigosp/?waad=fb5rf2VK

┗━━━━━━━━━━━━━━━┛",2018/08/27,2018/09/18,終了,"「PR企業」の下
「※今週の新着求人～こちら」の上
に入れる。",
42,アパレル・コスメ業界大特集,"（火金12）新着総合
（月12）納品対策","┏━━━★期間限定特集★━━━━┓

◆キレイもキャリアも手に入れる アパレル・コスメ業界大特集◆
https://woman-type.jp/s/fashion/sp20160927/?waad=Sc9pToTa

┗━━━━━━━━━━━━━━━┛",2018/09/24,2018/10/16,終了,"「PR企業」の下
「※今週の新着求人～こちら」の上
に入れる。",
43,女性の活躍推進企業特集,"（火金12）新着総合
（月12）納品対策","┏━━━★期間限定特集★━━━━┓

◆国認定企業もあり！女性の活躍推進企業特集◆
https://woman.type.jp/s/jyosei-katsuyaku/sp20161202/?waad=V7ubckQG&xmid=<%XMID%>&ac=<%USR_SEQ%>

┗━━━━━━━━━━━━━━━┛",2018/10/26,2018/12/18,終了,"「PR企業」の下
「※今週の新着求人～こちら」の上
に入れる。",
44,さいたまフェア,"11/12（月）
希望勤務地_埼玉","━ PR ━━━━━━━━━━━━━━
★入場無料・転職相談コーナーあり★
【 女性のための転職イベント～未経験からの転職を応援～ in大宮 】
---------------------------------- 
2018年11月25日(日)  12：00～16：00 ＠大宮ソニックシティ

▼エントリーはこちらから▼
https://woman-type.jp/seminar/detail/31170/?waad=FcOlE4mL
━━━━━━━━━━━━━━━━━",2018/11/12,2018/11/12,終了,冒頭エリアに入れる,
45,アパレル･コスメ業界大特集,（火金12）新着総合,"┏━━━★期間限定特集★━━━━┓

◆キレイもキャリアも手に入れる アパレル・コスメ業界大特集◆
https://woman-type.jp/s/fashion/sp20160927/?waad=Sc9pToTa

┗━━━━━━━━━━━━━━━┛",2018/12/21,2019/01/29,終了,"「PR企業」の下
「※今週の新着求人～こちら」の上
に入れる。",
46,"アパレル･コスメ業界大特集
＆
納品対策",（月12）納品対策,"┏━━━★期間限定特集★━━━━┓

◆キレイもキャリアも手に入れる アパレル・コスメ業界大特集◆
https://woman-type.jp/s/fashion/sp20160927/?waad=Sc9pToTa

◆2019年は心機一転！編集部厳選のとっておき求人◆
https://woman-type.jp/job-feature/18243/?waad=XSM15xGb

┗━━━━━━━━━━━━━━━┛",2018/12/24,2019/01/28,終了,,
47,サイト名変更のお知らせ,（火金12）新着総合,"※※ サイト名変更のお知らせ ※※
2019年1月8日よりサービス名を『女の転職＠type』から『女の転職type』に変更いたしました。",2019/01/08,2019/01/18,終了,「PR企業」の下、PR45の上に入れる。,
48,介護特集,"（火12）新着総合
（火14）福祉事務
（火14）福祉事務_35歳以上
（金12）新着総合
（月12）納品対策","┏━━━★期間限定特集★━━━━┓

◆専門知識を活かして社会に貢献！介護・保育・医療・福祉業界に関わる仕事特集◆
https://woman-type.jp/s/kaigosp/?waad=fb5rf2VK

┗━━━━━━━━━━━━━━━┛",2019/02/01,2019/02/28,終了,"「PR企業」の下
「※今週の新着求人～こちら」の上
に入れる。",
49,IT・Web業界大特集,"（火金12）新着総合
（月11）納品対策","┏━━━★期間限定特集★━━━━┓

◆専門スキルを身につけられる！IT・Web業界大特集◆
https://woman-type.jp/s/websp/?waad=SUBUNnw7

┗━━━━━━━━━━━━━━━┛",2019/03/01,2019/03/28,終了,"「PR企業」の下
「※今週の新着求人～こちら」の上
に入れる。",
50,オフィスワーク大特集,"（火金12）新着総合
（月11）納品対策","┏━━━★期間限定特集★━━━━┓

◆スキルをつけて長く働く！ねらい目のオフィスワーク特集◆
https://woman-type.jp/s/officework/?waad=faB2LNZZ

┗━━━━━━━━━━━━━━━┛",2019/03/29,2019/04/25,終了,"「PR企業」の下
「※今週の新着求人～こちら」の上
に入れる。",
51,志向別大特集,"（火金12）新着総合
（月11）納品対策","┏━━━★期間限定特集★━━━━┓

◆「“理想の働き方”から長く働ける職場を見つける！」大特集◆
https://woman-type.jp/s/careertype/?waad=Whzxo6Kw

┗━━━━━━━━━━━━━━━┛",2019/04/26,2019/05/23,終了,"「PR企業」の下
「※今週の新着求人～こちら」の上
に入れる。",
52,sansanイベント告知,"（水10）掲載終了前+UP A
（金10）学歴不問
（月20）20～35歳正社員求人
（火08）ポジションマッチ","━━ ▽ PR ▽ ━━━━━━━━━━
 【会員限定特別無料セミナーのお知らせ｜女の転職×Eight】
　 5月22日（水）19：00～開催　＠表参道
 『仕事をもっと楽しくする、
   働く女性のためのアンガーマネジメント』
 https://woman-type.jp/seminar/detail/31276/?waad=dp7TxFDn
━━━━━━━━━━━━━━━━━",2019/05/08,2019/05/15,終了,配信対象が35歳以下のメルマガ,
53,販サ大特集,"（火金12）新着総合
（月11）納品対策","┏━━━★期間限定特集★━━━━┓

◆実は魅力がたくさん！「サービス・販売系職種」大特集◆
https://woman-type.jp/s/service/?waad=fjHIdBUn

┗━━━━━━━━━━━━━━━┛",2019/05/24,2019/06/20,終了,"「PR企業」の下
「※今週の新着求人～こちら」の上
に入れる。",
54,営業大特集,"（火金12）新着総合
（月11）納品対策","┏━━━★期間限定特集★━━━━┓

◆オンもオフも輝ける！営業大特集◆
https://woman-type.jp/s/salessp/?waad=waw0yO0y

┗━━━━━━━━━━━━━━━┛",2019/06/21,2019/07/18,終了,"「PR企業」の下
「※今週の新着求人～こちら」の上
に入れる。",
55,IT・Web／介護大特集,"（火金12）新着総合
（月11）納品対策","┏━━━★期間限定特集★━━━━┓

◆専門スキルを身につけられる！IT・Web業界大特集◆
https://woman-type.jp/s/websp/?waad=SUBUNnw7

◆専門知識を活かして社会に貢献！介護・保育・医療・福祉業界に関わる仕事特集◆
https://woman-type.jp/s/kaigosp/?waad=fb5rf2VK

┗━━━━━━━━━━━━━━━┛",2019/07/19,2019/08/29,終了,"「PR企業」の下
「※今週の新着求人～こちら」の上
に入れる。",
56,アパレル・コスメ業界大特集,"（火金12）新着総合
（月12）納品対策","┏━━━★期間限定特集★━━━━┓

◆キレイもキャリアも手に入れる アパレル・コスメ業界大特集◆
https://woman-type.jp/s/fashion/sp20160927/?waad=Sc9pToTa

┗━━━━━━━━━━━━━━━┛",2019/08/30,2019/10/10,終了,"「PR企業」の下
「※今週の新着求人～こちら」の上
に入れる。",
57,ミイプレゼントキャンペーン,"（月20）
20～35歳正社員求人
36歳以上正社員求人","━ PR ━━━━━━━━━━━━━━
JTB旅行券5万円分、リトルミイグッズが当たる！
「仕事で叶えたい未来」ツイートキャンペーン実施中
https://woman-type.jp/s/campaign29/
リトルミイの新作CMもぜひ見てね★
━━━━━━━━━━━━━━━━━",2019/09/09,2019/10/14,終了,,
58,ユーザーアンケート,（水14）編集部オススメ,"━ PR ━━━━━━━━━━━━━━
抽選でamazonギフト券500円分プレゼント★
【「女性と仕事」に関するアンケート】実施中！
5分ほどで回答できますので、ぜひご協力ください！  
https://epfb.f.msgs.jp/webapp/form/21350_epfb_62/index.do  
回答期限：2019/10/10
━━━━━━━━━━━━━━━━━",2019/10/02,2019/10/09,終了,導入文の下、求人の上に入れる。,
59,営業大特集,"（火金12）新着総合
（月12）納品対策","┏━━━★期間限定特集★━━━━┓

◆オンもオフも輝ける！営業大特集◆
https://woman-type.jp/s/salessp/?waad=waw0yO0y

┗━━━━━━━━━━━━━━━┛",2019/10/11,2019/11/07,終了,"「PR企業」の下
「※今週の新着求人～こちら」の上
に入れる。",
60,販サ大特集,"（火金12）新着総合
（月12）納品対策","┏━━━★期間限定特集★━━━━┓

◆実は魅力がたくさん！「サービス・販売系職種」大特集◆
https://woman-type.jp/s/service/?waad=fjHIdBUn

┗━━━━━━━━━━━━━━━┛",2019/11/08,2019/12/05,終了,"「PR企業」の下
「※今週の新着求人～こちら」の上
に入れる。",
61,UIターン大特集,"（火金12）新着総合
（月12）納品対策","┏━━━★期間限定特集★━━━━┓

◆地方で働こう！Uターン、Iターン歓迎企業特集◆
https://woman-type.jp/s/region/?waad=Z7UzWxwU

┗━━━━━━━━━━━━━━━┛",2019/12/06,2020/01/16,終了,"「PR企業」の下
「※今週の新着求人～こちら」の上
に入れる。",
62,アパレル・コスメ業界大特集,"（火金12）新着総合
（月12）納品対策","┏━━━★期間限定特集★━━━━┓

◆キレイもキャリアも手に入れる アパレル・コスメ・美容業界大特集◆
https://woman-type.jp/s/fashion/sp20160927/?waad=Sc9pToTa

┗━━━━━━━━━━━━━━━┛",2020/01/17,2020/02/13,終了,"「PR企業」の下
「※今週の新着求人～こちら」の上
に入れる。",
63,アカデミア告知,（水14）編集部オススメ,"━ PR ━━━━━━━━━━━━━━
「転職したいけど、求人を見てもピンと来ない…」
そんなあたなは【女の転職アカデミア】をチェック！
https://woman-type.jp/academia/?waad=mMpoBmU6
━━━━━━━━━━━━━━━━━",2020/01/29,2020/01/29,終了,冒頭文の下に,
64,介護・医療業界大特集,"（火金12）新着総合
（月12）納品対策","┏━━━★期間限定特集★━━━━┓

◆専門知識を活かして社会に貢献！介護・保育・医療・福祉業界に関わる仕事特集◆
https://woman-type.jp/s/kaigosp/?waad=fb5rf2VK

┗━━━━━━━━━━━━━━━┛",2020/02/14,2020/03/12,終了,"「PR企業」の下
「※今週の新着求人～こちら」の上
に入れる。",
65,IT・Web業界大特集,"（火金12）新着総合
（月12）納品対策","┏━━━★期間限定特集★━━━━┓

◆専門スキルを身につけられる！IT・Web業界大特集◆
https://woman-type.jp/s/websp/?waad=SUBUNnw7

┗━━━━━━━━━━━━━━━┛",2020/03/13,2020/04/09,終了,"「PR企業」の下
「※今週の新着求人～こちら」の上
に入れる。",
66,オフィスワーク大特集,"（火金12）新着総合
（月12）納品対策","┏━━━★期間限定特集★━━━━┓

◆スキルをつけて長く働く！ねらい目のオフィスワーク特集◆
https://woman-type.jp/s/officework/?waad=faB2LNZZ

┗━━━━━━━━━━━━━━━┛",4/10(Fri),5/7(Thu),終了,"「PR企業」の下
「※今週の新着求人～こちら」の上
に入れる。",
67,志向別大特集,"（火金12）新着総合
（月12）納品対策","┏━━━★期間限定特集★━━━━┓

◆「“理想の働き方”から長く働ける職場を見つける！」大特集◆
https://woman-type.jp/s/careertype/?waad=Whzxo6Kw

┗━━━━━━━━━━━━━━━┛",5/8(Fri),6/4(Thu),終了,"「PR企業」の下
「※今週の新着求人～こちら」の上
に入れる。",
68,女性フェア告知,"（火11）営業（BtoC）_希望
（水11）営業（内勤）_希望
（水15）営業（コールセンター）_希望
（木11）営業（FP）_希望
（金11）営業（MR）_希望
（金15）営業（その他）_希望
（月11）営業（BtoB）_希望
（月15）営業（キャリアカウンセラー）_希望","┏━━.+゜☆+.女の転職type 転職イベント━━━┓

★7/4(土)女性のための転職イベントを開催in渋谷ヒカリエ★
https://woman-type.jp/s/event/?waad=lkN7G63y

┗━━━━━━━━━━━━━━━ .+゜☆+.━━┛",5/20(Wed),"7/3(金)
↓
5/28(木)
に前倒し",終了,冒頭文の下に入れる。,
69,"未経験販サ大特集
神奈川大特集","（火金12）新着総合
（火金13）新着総合
（月12）納品対策","┏━━━★期間限定特集★━━━━┓

◆実は魅力がたくさん！「サービス・販売系職種」大特集◆
https://woman-type.jp/s/service/?waad=fjHIdBUn

★愛される街  神奈川県の仕事特集★
https://woman-type.jp/s/kanagawa/?waad=0wLFOZsX

┗━━━━━━━━━━━━━━━┛",6/5(Fri),7/2(Thu),終了,"「PR企業」の下
「※今週の新着求人～こちら」の上
に入れる。",
70,営業大特集,"（火金12）新着総合
（火金13）新着総合
（月12）納品対策","┏━━━★期間限定特集★━━━━┓

◆オンもオフも輝ける！営業大特集◆
https://woman-type.jp/s/salessp/?waad=waw0yO0y

┗━━━━━━━━━━━━━━━┛",7/3(Fri),7/30(Thu),終了,"「PR企業」の下
「※今週の新着求人～こちら」の上
に入れる。",
68,介護保育大特集・ITWEB大特集,"（火金12）新着総合
（火金13）新着総合
（月12）納品対策","┏━━━★期間限定特集★━━━━┓

◆専門スキルを身につけられる！IT・Web業界大特集◆
https://woman-type.jp/s/websp/?waad=SUBUNnw7

◆専門知識を活かして社会に貢献！介護・保育・医療・福祉業界に関わる仕事特集◆
https://woman-type.jp/s/kaigosp/?waad=fb5rf2VK

┗━━━━━━━━━━━━━━━┛",7/31(Fri),9/10(Thu),終了,"「PR企業」の下
「※今週の新着求人～こちら」の上
に入れる。",
69,アパレルコスメ大特集,"（火金12）新着総合
（火金13）新着総合
（月12）納品対策","┏━━━★期間限定特集★━━━━┓

◆キレイもキャリアも手に入れる アパレル・コスメ・美容業界大特集◆
https://woman-type.jp/s/fashion/sp20160927/?waad=Sc9pToTa

┗━━━━━━━━━━━━━━━┛",9/11(Fri),10/8(Thu),終了,"「PR企業」の下
「※今週の新着求人～こちら」の上
に入れる。",
70,女性エンジニア向けオンラインセミナー,"（水9）ランキング_エンジニア（IT系）_希望
（土12）★求人特集(35歳未満） B","━━━━━━━━━━━━━━━━━
IBM戸倉 彩さん登壇！
【女性エンジニア向けオンラインキャリアセミナー開催】
━━━━━━━━━━━━━ PR ━━
2020年7月29日(水)
19：00～20：30　＠Zoomウェビナー

★参加無料、特別講演あり、匿名で質問や応答可能★

▼エントリーはこちらから▼
https://woman-type.jp/seminar/detail/31381/?waad=JINeYWkh
━━━━━━━━━━━━━━━━━",7/1(Wed),7/18(Sat),終了,"※（水）（土）それぞれ週一回配信
エントリーURLは6/30（火）にページ公開後から閲覧可能となります。",
71,女性フェア告知,"（火11）営業（BtoC）_希望
（水11）営業（内勤）_希望
（水15）営業（コールセンター）_希望
（金15）営業（その他）_希望
（月15）営業（キャリアカウンセラー）_希望","┏━━.+゜☆+.女の転職type 転職イベント━━━┓

★10/31(土)女性のための転職イベントを開催予定in渋谷ヒカリエ★
https://woman-type.jp/s/event/?waad=lkN7G63y

┗━━━━━━━━━━━━━━━ .+゜☆+.━━┛",9/22(Tue),10/30(Fri),終了,冒頭分の下にいれる,
72,IT・Web業界大特集,"（火金12）新着総合
（火金13）新着総合
（月12）納品対策","┏━━━★期間限定特集★━━━━┓

◆専門スキルを身につけられる！IT・Web業界大特集◆
https://woman-type.jp/s/websp/?waad=SUBUNnw7

┗━━━━━━━━━━━━━━━┛",10/9(Fri),11/5(Thu),終了,"「PR企業」の下
「※今週の新着求人～こちら」の上
に入れる。",
73,営業大特集,"（火金12）新着総合
（火金13）新着総合
（月12）納品対策","┏━━━★期間限定特集★━━━━┓

◆オンもオフも輝ける！営業大特集◆
https://woman-type.jp/s/salessp/?waad=waw0yO0y

┗━━━━━━━━━━━━━━━┛",11/6(Fri),12/3(Thu),終了,"「PR企業」の下
「※今週の新着求人～こちら」の上
に入れる。",
74,イベント告知,"（火08）ポジションマッチ_36歳以上
（火14）福祉事務_35歳以上
（火16）未経験オフィスワーク_35歳以上
（火18）エンジニア_経験_35歳以上
（火18）エンジニア_未経験_35歳以上
（火20）35歳以上向け A
（火20）35歳以上向け_関西 A

（水18）営業_経験_35歳以上
（水18）営業_未経験_35歳以上
（水20）大手上場_35歳以上 A

（木16）オープニング_35歳以上
（木18）販サ_経験_35歳以上
（木18）販サ_未経験_35歳以上
（木20）事務職_35歳以上 A

（金08）既婚者
（金14）学歴不問_35歳以上
（金14）学歴大卒_35歳以上
（金18）クリエイティブ_経験_35歳以上
（金18）クリエイティブ_未経験_35歳以上

（土20）35歳以上向け B
（土20）35歳以上向け_関西 B

（日14）プライベート重視_35歳以上
（日14）働きやすい_35歳以上
（日18）コンサル専門職_経験_35歳以上
（日18）コンサル専門職_未経験_35歳以上
（日20）正社員_35歳以上

（月16）事務職_35歳以上 B
（月18）事務_経験_35歳以上
（月18）事務_未経験_35歳以上
（月20）36歳以上正社員求人","━━━━━━━━━━━━━━━━━
イラストエッセイスト・犬山紙子さん登壇
≪無料オンラインイベント開催≫
━━━━━━━━━━━━━ PR ━━
2020年11月24日(火) 17：00～18：00　＠Zoomウェビナー
【テーマ】“ちょうどいい”夫婦のカタチを考える
既婚・未婚問わず参加OK！匿名で質問も可能です☆
▼エントリーはこちらから▼
https://woman-type.jp/wt/feature/19021/?waad=U9zwwTuu
━━━━━━━━━━━━━━━━━",11/10(Tue),11/23(Mon),終了,リード文の下にいれる,
75,販サ大特集＆神奈川大特集,"（火金12）新着総合
（火金13）新着総合
（月12）納品対策","┏━━━★期間限定特集★━━━━┓

◆実は魅力がたくさん！「サービス・販売系職種」大特集◆
https://woman-type.jp/s/service/?waad=fjHIdBUn

★愛される街  神奈川県の仕事特集★
https://woman-type.jp/s/kanagawa/?waad=0wLFOZsX

┗━━━━━━━━━━━━━━━┛",12/4(Fri),1/14(Thu),終了,"「PR企業」の下
「※今週の新着求人～こちら」の上
に入れる。",
76,イベント告知,"（火18）エンジニア系メルマガ4本
（水09）ランキング_エンジニア(IT系)_希望
（金11）今週の人気求人ランキング","━━━━━━━━━━━━━ PR ━━
12月7日(月)18:30～＠オンライン
エンジニアのお悩みを、著名人に相談できる人気企画
「エンジニアWebメンタリング」の公開取材！
匿名で質問も可能です☆
▼エントリーはこちらから▼
https://type.jp/et/feature/14439/?waad=U9zwwTuu
━━━━━━━━━━━━━━━━━",12/1(Tue),12/6(Sun),終了,リード文の下にいれる,
77,医療福祉_資格登録促進_メルマガPR,"（火11）医療福祉（介護リハビリ）_希望
（水11）医療福祉（保育）_希望
（土18）医療福祉_経験
（土18）医療福祉_経験_35歳以上
（日11）販サ（美容師、エステ）_希望
（日13）ランキング_医療福祉（保育）_希望","┏━━━★仕事に活かせる資格をお持ちの方へ★━━━━┓

最近は【保育士】【福祉・医療】の資格保有者を対象とした
企業からのスカウトが増えています。
マイページで保有資格のご登録がまだの方はぜひご登録をお願いします。

▼資格登録はこちらから▼
https://woman-type.jp/mypage/skill/?waad=DxEnPVRi
※保育士資格をお持ちの方は『その他』の欄にご記入ください
┗━━━━━━━━━━━━━━━━━━━━━━━━┛",12/12(Sat),21/07/06週より断舎離して、対象メルマガがなくなった,終了,"リード文の下にいれる

※ユーザーに資格登録を促進することが狙いなので、しばらく掲載し続ける予定。",12/22までのWA数値でクリック1...
78,メイクセミナー,"（水14）編集部オススメ
（火18）エンジニア系✕6本
（水18）営業系✕6本
（木18）販サ系✕6本
（金18）クリエイティブ系✕6本
（土18）医療福祉系✕4本
（日18）コンサル専門職系✕6本
（月18）事務系✕6本","━━━━━━━━━━━━━ PR ━━
1月30日(土)11:00～
【花王×女の転職type 共催セミナー】
オンラインでも映えるメイクレッスン！
プロが教えるWeb面接＆マスクメイク対策
▼エントリーはこちらから▼
https://woman-type.jp/academia/newsrelease/2021y/post-20/?waad=Hu9UIZGT
━━━━━━━━━━━━━━━━━",1/6(Wed),1/28(Thu),終了,リード文の下にいれる,
79,横浜セミナー,"（火16）未経験オフィスワーク
（火16）未経験オフィスワーク_35歳以上
（火17）応募ランキングA
（火19）TP部_営業_現住所
（木12）応募ランキングB
（木13）TP部_事務_現住所
（木14）リモートワーク A
（金08）既婚者
（金08）未婚者
（土14）横浜
（日20）正社員
（日20）正社員_35歳以上
（月10）TP部_事務_希望地
（月13）リモートワーク B
（月16）事務職 B
（月16）事務職_35歳以上 B
（月20）20～35歳正社員求人
（月20）36歳以上正社員求人","━[PR]━━━━━━━━━━━☆★━
＜横浜市×女の転職type＞
働きやすい環境づくりに注力している「よこはまグッドバランス賞」
認定企業のみを集めた特別webセミナーを開催します！

https://woman-type.jp/seminar/detail/31423/?waad=mXrxgtrn

＊参加無料＊その場でオンライン面談も＊
━━━━━━━━━━━━━━━━━",1/6(Wed),1/29(Fri),終了,リード文の下にいれる,
80,IT・Web業界大特集,"（火金12）新着総合
（火金13）新着総合
（月12）納品対策","┏━━━★期間限定特集★━━━━┓

◆専門スキルを身につけられる！IT・Web業界大特集◆
https://woman-type.jp/s/websp/?waad=SUBUNnw7

┗━━━━━━━━━━━━━━━┛",1/15(Fri),2/11(Thu),終了,リード文の下にいれる,
81,WTオンラインエンジニアセミナー,"（火11）エンジニア（電機系）_希望
（火18）エンジニア系✕4
（水09）ランキング_エンジニア（IT系）_希望
（月11）エンジニア（IT系）_希望","━━━━━━━━━━━━━━━━━
ちょまど・大平かづみ・松井菜穂子登壇！オンラインイベント開催
≪女性エンジニアのキャリアのお悩み相談室 with『Code Polaris』≫
━━━━━━━━━━━━━ PR ━━
2021年2月15日（月）18：30～20：00　＠Zoomウェビナー
女性エンジニア向けコミュニティ『Code Polaris』とのコラボイベントです！
▼エントリーはこちらから▼
https://woman-type.jp/wt/feature/19685/?waad=PTsI4tlR&routeway=85
━━━━━━━━━━━━━━━━━",1/28(Thu),2/9(Tue),終了,リード文の下にいれる,
82,介護大特集,"（火金12）新着総合
（火金13）新着総合
（月12）納品対策","┏━━━★期間限定特集★━━━━┓

◆専門知識を活かして社会に貢献！介護・保育・医療・福祉業界に関わる仕事特集◆
https://woman-type.jp/s/kaigosp/?waad=fb5rf2VK

┗━━━━━━━━━━━━━━━┛",2/12(Fri),3/11(Thu),終了,リード文の下にいれる,
83,アパレルコスメ大特集,"（火金12）新着総合
（火金13）新着総合
（月12）納品対策","┏━━━★期間限定特集★━━━━┓

◆キレイもキャリアも手に入れる アパレル・コスメ・美容業界大特集◆
https://woman-type.jp/s/fashion/sp20160927/?waad=Sc9pToTa

┗━━━━━━━━━━━━━━━┛",3/12(Fri),4/8(Thu),終了,リード文の下にいれる,
84,type横浜フェア,"（火16）未経験オフィスワーク
（火16）未経験オフィスワーク_35歳以上
（火17）応募ランキングA
（火19）TP部_営業_現住所
（木12）応募ランキングB
（木13）TP部_事務_現住所
（木14）リモートワーク A
（金08）既婚者
（金08）未婚者
（土14）横浜
（日20）正社員
（日20）正社員_35歳以上
（月10）TP部_事務_希望地
（月13）リモートワーク B
（月16）事務職 B
（月16）事務職_35歳以上 B
（月20）20～35歳正社員求人
（月20）36歳以上正社員求人","━[PR]━━━━━━━━━━━☆★━
＜コロナ禍での就職活動を応援！＞
3/13(土)横浜市経済局主催のオンライン就職フェアを開催します。

https://type.jp/s/fair/yokohama/index2.html?waad=O1PnwDjr

リモートOKや全国に勤務地がある企業も出展しています。
横浜で働きたい方はもちろん、全国から参加をお待ちしています！
━━━━━━━━━━━━━━━━━",3/7(Sun),3/12(Fri),終了,リード文の下にいれる,
85,ETカンファレンス,"（火18）エンジニア系メルマガ4本
（水09）ランキング_エンジニア(IT系)_希望
（金11）今週の人気求人ランキング
（月11）エンジニア（IT系)_希望","━[PR]━━━━━━━━━━━☆★━
 ＼2021/4/14(火)～4/17(土) ／
【無料】オンラインカンファレンス開催！

女性エンジニア向けセッションや
登壇者へのQ&Aコーナーも☆
ENGINEER キャリアデザインウィーク

▼詳細・事前登録はこちらから
https://type.jp/et/feature/ecdw2021/?waad=mkQiadNr
━━━━━━━━━━━━━━━━━",3/15(Mon),4/6(Tue),終了,リード文の下にいれる,
86,キャリアメールアドレス注意,"（水14）編集部オススメ_事務
（土12）編集部オススメ_営業","━━━★メールアドレスご確認のお願い★━━━━
大手3キャリアの新料金プランをご検討中の皆様へ
https://woman-type.jp/s/help/mailadress/
━━━━━━━━━━━━━━━━━━━━━━━",3/17(Wed),5/8(Sat),終了,リード文の下にいれる,
87,メイクセミナー,"（水14）編集部オススメ
（火18）エンジニア系✕6本
（水18）営業系✕6本
（木18）販サ系✕6本
（金18）クリエイティブ系✕6本
（土18）医療福祉系✕4本
（日18）コンサル専門職系✕6本
（月18）事務系✕6本","━━━━━━━━━━━━━ PR ━━
4月24日(土)11:00～
【花王×女の転職type 共催セミナー】
オンラインでも映えるメイクレッスン！
プロが教えるWeb面接＆マスクメイク対策
▼エントリーはこちらから▼
https://woman-type.jp/academia/newsrelease/2021y/post-35/?waad=sPKb5tTj
━━━━━━━━━━━━━━━━━",4/7(Wed),4/23(Fri),終了,リード文の下にいれる,
88,オフィスワーク大特集,"（火金12）新着総合
（火金13）新着総合
（月12）納品対策","┏━━━★期間限定特集★━━━━┓

◆スキルをつけて長く働く！ねらい目のオフィスワーク特集◆
https://woman-type.jp/s/officework/?waad=faB2LNZZ

┗━━━━━━━━━━━━━━━┛",4/9(Fri),5/6(Thu),終了,リード文の下にいれる,
89,ETカンファレンス,"（火18）エンジニア系メルマガ4本
（水09）ランキング_エンジニア(IT系)_希望
（金11）今週の人気求人ランキング
（月11）エンジニア（IT系)_希望","━[PR]━━━━━━━━━━━☆★━
＼4/14(火)～4/17(土) 無料ウェビナー ／
女性エンジニアの悩みを語り合おう！
『Code Polaris』座談会
https://ecdw2021.connpass.com/event/205827/

▼『Code Polaris』への相談を募集中！
https://cutt.ly/AcQGrGO
━━━━━━━━━━━━━━━━━",4/7(Wed),4/16(Fri),終了,リード文の下にいれる,
90,女性フェアONLINE,"（火10）事務_販サ経験者向け_東京
（火18）エンジニア系4本
（水18）営業系6本
（木10）経験活かせる_営業
（木10）経験活かせる_事務
（月18）事務系6本","┏━━.+゜☆+.女の転職type 転職イベント━━━┓

★6/26(土)女性のための転職イベントをオンライン開催予定★
https://woman-type.jp/s/event/online/index2.html?waad=Vi8ikdfU

┗━━━━━━━━━━━━━━━ .+゜☆+.━━┛",5/11(Tue),6/25(Fri),終了,リード文の下にいれる,
91,販サ＆神奈川大特集,"（火金12）新着総合
（火金13）新着総合
（月12）納品対策","┏━━━★期間限定特集★━━━━┓

◆実は魅力がたくさん！「サービス・販売系職種」大特集◆
https://woman-type.jp/s/service/?waad=fjHIdBUn

★愛される街  神奈川県の仕事特集★
https://woman-type.jp/s/kanagawa/?waad=0wLFOZsX

┗━━━━━━━━━━━━━━━┛",5/7(Fri),6/3(Thu),終了,リード文の下にいれる,
92,マイページリリース,（水14）編集部オススメ_事務,"━━━━★女の転職type リリース広報★━━━━
4月27日(火)に『PC版マイページ』を大幅刷新！

リトルミイがイメージキャラクターとして登場！
レジュメ入力状況がひと目で分かる「入力率」も新設。
ぜひ、PCからログインしてご確認ください。

▼マイページはこちら▼
https://woman-type.jp/mypage/?waad=bSztBO5J&routeway=85
━━━━━━━━━━━━━━━━━━━━━━━",4/28(Wed),5/19(Wed),終了,PR89の上にいれる,
93,営業大特集,"（火金12）新着総合
（火金13）新着総合
（月12）納品対策","┏━━━★期間限定特集★━━━━┓

◆オンもオフも輝ける！営業大特集◆
https://woman-type.jp/s/salessp/?waad=waw0yO0y

┗━━━━━━━━━━━━━━━┛",6/4(Fri),7/1(Thu),終了,リード文の下にいれる,
94,志向別大特集,"（火金12）新着総合
（火金13）新着総合
（月12）納品対策","┏━━━★期間限定特集★━━━━┓

◆「“理想の働き方”から長く働ける職場を見つける！」大特集◆
https://woman-type.jp/s/careertype/?waad=Whzxo6Kw

┗━━━━━━━━━━━━━━━┛",7/2(Fri),7/29(Thu),終了,リード文の下にいれる,
95,ベアーズ様家事テクセミナー,"（火18）エンジニア系✕4本
（水14）編集部オススメ_事務
（水18）営業系✕4本
（木18）販サ系✕6本
（金18）クリエイティブ系✕4本
（土12）編集部オススメ_営業
（日18）コンサル専門職系✕4本
（月18）事務系✕6本","━━━━━━━━━━━━━ PR ━━
7月31日(土)11:00～
【ベアーズ×女の転職type共催】
おうち時間をもっと豊かに！働く女性のラク家事セミナー
▼エントリーはこちらから▼
https://woman-type.jp/academia/newsrelease/2021y/post-48/?waad=vpjglkx7&routeway85
━━━━━━━━━━━━━━━━━",7/13(Tue),7/30(Fri),終了,リード文の下にいれる,
96,LINEレコメンド配信スタート,"（水14）編集部オススメ_事務
（土12）編集部オススメ_営業","━━━━━━━━━━━━━ ★ ━━
【女の転職type LINEでオススメ求人配信を開始♪】
ともだち追加であなたの行動履歴に合う求人がLINEに届く！
▼ともだち追加▼
https://lin.ee/dcpYiiK
▼アカウント連携▼
https://woman-type.jp/mypage/#service
「外部サービスとのアカウント連携」から
「連携する」をON！
━━━━━━━━━━━━━━━━━",7/20(Tue),7/31(Sat),終了,リード文の下にいれる,
97,介護大特集＆IT・Web業界大特集,"（火金12）新着総合
（火金13）新着総合
（月12）納品対策","┏━━━★期間限定特集★━━━━┓

◆専門知識を活かして社会に貢献！介護・保育・医療・福祉業界に関わる仕事特集◆
https://woman-type.jp/s/kaigosp/?waad=fb5rf2VK

◆専門スキルを身につけられる！IT・Web業界大特集◆
https://woman-type.jp/s/websp/?waad=SUBUNnw7

┗━━━━━━━━━━━━━━━┛",7/30(Fri),9/9(Thu),終了,リード文の下にいれる,
98,横浜イベント,"（木19）神奈川_路線
（土14）横浜
（月8）始業10時
","━[PR]━━━━━━━━━━━☆★━
＜横浜市×女の転職type＞
働きやすい環境づくりに注力している「よこはまグッドバランス賞」
認定企業のみを集めた特別webセミナーを開催します！

https://woman-type.jp/seminar/detail/31465/?waad=ePmIku8r

＊参加無料＊未経験求人多数＊その場でオンライン面談も＊
━━━━━━━━━━━━━━━━━",8/23(Mon),9/5(Sun),終了,リード文の下にいれる,
99,アパレルコスメ大特集,"（火金12）新着総合
（火金13）新着総合
（月12）納品対策","┏━━━★期間限定特集★━━━━┓

◆キレイもキャリアも手に入れる アパレル・コスメ・美容業界大特集◆
https://woman-type.jp/s/fashion/sp20160927/?waad=Sc9pToTa

┗━━━━━━━━━━━━━━━┛",9/10(Fri),10/7(Thu),終了,リード文の下にいれる,
100,IT・WEB業界大特集（経験者向け※新規）,"（火金12）新着総合
（火金13）新着総合
（月12）納品対策","┏━━.+゜☆+.期間限定特集━━━┓

★スキルアップしながら長く働く！エンジニア経験者のためのIT・Web業界大特集★
https://woman-type.jp/s/itweb/?waad=4frWJiXC

┗━━━━━━━━ .+゜☆+. ━━┛",10/12(Tue),11/8(Mon),終了,リード文の下にいれる,
101,営業大特集,"（火金12）新着総合
（火金13）新着総合
（月12）納品対策","┏━━━★期間限定特集★━━━━┓

◆オンもオフも輝ける！営業大特集◆
https://woman-type.jp/s/salessp/?waad=waw0yO0y

┗━━━━━━━━━━━━━━━┛",11/9(Tue),12/6(Mon),終了,リード文の下にいれる,
102,働き方・キャリアのタイプ別大特集＆神奈川大特集,"（火金12）新着総合
（火金13）新着総合
（月12）納品対策","┏━━.+゜☆+.期間限定特集━━━┓

★愛される街  神奈川県の仕事特集★
https://woman-type.jp/s/kanagawa/?waad=0wLFOZsX

◆「“理想の働き方”から長く働ける職場を見つける！」大特集◆
https://woman-type.jp/s/careertype/?waad=Whzxo6Kw

┗━━━━━━━━ .+゜☆+. ━━┛",12/7(Tue),1/17(Mon),終了,リード文の下にいれる,
106,未経験LP,"（月18）事務_経験_首都圏版
（火11）事務（経理）_希望
（木18）販サ_経験_首都圏版
（火20）20代に人気
（火20）20代に人気_第二新卒
（火16）未経験オフィスワーク","┏.+゜☆+.━━━━━━━━ ━.+゜☆+. ゜┓

～未経験からでも大丈夫◎　目指せ手に職！ITエンジニア～
https://woman-type.jp/s/itengineer/?waad=VVvspZ7A

┗.+゜☆+. ゜━ ━━━━━━━━.+゜☆+.┛",12/21(Tue),無期限,終了↓ 定期化,リード文の下にいれる,
103,介護大特集＆IT・Web業界大特集,"（火金12）新着総合
（火金13）新着総合
（月12）納品対策","┏━━.+゜☆+.期間限定特集━━━┓

◆手に職つけて社会に貢献！介護・保育・医療・福祉業界に関わる仕事特集◆
https://woman-type.jp/s/kaigosp/?waad=fb5rf2VK

★スキルアップしながら長く働く！エンジニア経験者のためのIT・Web業界大特集★
https://woman-type.jp/s/itweb/?waad=4frWJiXC

┗━━━━━━━━ .+゜☆+. ━━┛",1/18(Tue),2/14(Mon),終了,リード文の下にいれる,
104,アパレルコスメ大特集,"（火金12）新着総合
（火金13）新着総合
（月12）納品対策","┏━━━★期間限定特集★━━━━┓

◆キレイもキャリアも手に入れる アパレル・コスメ・美容業界大特集◆
https://woman-type.jp/s/fashion/sp20160927/?waad=Sc9pToTa

┗━━━━━━━━━━━━━━━┛",2/15(Tue),3/14(Mon),終了,リード文の下にいれる,
105,オフィスワーク大特集,"（火金12）新着総合
（火金13）新着総合
（月12）納品対策","┏━━━★期間限定特集★━━━━┓

◆スキルをつけて長く働く！ねらい目のオフィスワーク特集◆
https://woman-type.jp/s/officework/?waad=faB2LNZZ

┗━━━━━━━━━━━━━━━┛",3/15(Tue),4/11(Mon),終了,リード文の下にいれる,
106,女性フェアONLINE,"▼2/22週　追加済み
（月11）エンジニア（IT系）_希望　★RPA

▼3/1週　追加分
（火18）エンジニア系4本
（水9）ランキング_エンジニア（IT系）_希望　★RPA
（木8）人気検索KW_エンジニア系希望

▼3/8週　急遽追加
（土8）求人特集(35歳未満） B
（月12）納品対策

▼3/22週　追加分
（水8）求人特集(35歳未満) A
（火金13）新着総合_首都圏","┏━━.+゜☆+.女の転職type 転職イベント━━━┓

★3/26(土)女性エンジニアのための転職イベントをONLINE開催予定★
Amazonギフト券最大5000円分のプレゼントあり！
https://woman-type.jp/s/event/online-engineer/?waad=Vi8ikdfU

┗━━━━━━━━━━━━━━━ .+゜☆+.━━┛",2/28(Mon),3/26(Sat),終了,リード文の下にいれる,
107,WT差し込み,"2/22週のみ以下のメルマガに差し込む
（金10）40代向け_ワークライフバランス
（土10）検討中ランキング_営業
（土10）検討中ランキング_コンサル
（土10）検討中ランキング_エンジニア
（土10）検討中ランキング_介護
（日11）年5日の連休取得可能","┏━━━━━━━★Woman typeの注目コンテンツ★━━━━━━━━┓

★【驚愕】オンライン面接で珍事件。転職者が暴露する人事・採用担当のあり得ない行動
https://woman-type.jp/wt/feature/24127?waad=x2brFVcz&routeway=91

★「専業主婦の妻がいる男性社員に嫉妬」30代女性の悩みを識者3人に相談してみた
https://woman-type.jp/wt/feature/23647?waad=x2brFVcz&routeway=91

★人気クリエイター・もくもくちゃん連載「がんばるきみに、お星さまあげる」
https://woman-type.jp/wt/feature/23894?waad=x2brFVcz&routeway=91

★100万超え高額プログラムに受講希望者殺到のワケ 「自分らしく生きる女性増やしたい」Ms.Engineer代表・やまざきひとみの原動力
https://woman-type.jp/wt/feature/23846?waad=x2brFVcz&routeway=91

┗━━━━━━━━━━━━━━━━━━━━━━━━━━━━━━━┛",2/25(Fri),2/28(Mon),終了,リード文の下にいれる,
108,IT・WEB業界大特集,"（火金12）新着総合
（火金13）新着総合
（月12）納品対策","┏━━.+゜☆+.期間限定特集━━━┓

★スキルアップしながら長く働く！エンジニア経験者のためのIT・Web業界大特集★
https://woman-type.jp/s/itweb/?waad=4frWJiXC

┗━━━━━━━━ .+゜☆+. ━━┛",4/12(Tue),5/9(Mon),終了,リード文の下にいれる,
109,"マガシーク様
面接ファッションコラボページ",（金17）Womantype,"┏━━━ マガシーク×女の転職type ━━━┓

プチプラアイテムを活用！好印象を与える面接ファッション
https://woman-type.jp/s/campaign36/?waad=7kLaLdLk

┗━━━━━━━━━━━━━━━━━━━┛",2022/5/13(Fri),2024/9/30(Mon),終了,フッター文言の前に入れる,
110,"関西大特集
販売サービス大特集","（火金12）新着総合
（火金13）新着総合
（月12）納品対策","┏━━━★期間限定特集★━━━━┓

◆実は魅力がたくさん！「サービス・販売系職種」大特集◆
https://woman-type.jp/s/service/?waad=fjHIdBUn

◆大阪エリアで働きたい人のための関西大特集◆
https://woman-type.jp/s/kansai/?waad=PtjnBstP

┗━━━━━━━━━━━━━━━┛",5/10(Tue),6/6(Mon),終了,リード文の下にいれる,
111,営業大特集,"（火金12）新着総合
（火金13）新着総合
（月12）納品対策","┏━━━★期間限定特集★━━━━┓

◆オンもオフも輝ける！営業大特集◆
https://woman-type.jp/s/salessp/?waad=waw0yO0y

┗━━━━━━━━━━━━━━━┛",6/7(Tue),7/4(Mon),終了,リード文の下にいれる,
112,ETカンファレンス,"（火18）エンジニア系メルマガ4本
（水09）ランキング_エンジニア(IT系)_希望　★RPA
（金11）今週の人気求人ランキング　★RPA
（月11）エンジニア（IT系)_希望　★RPA","▼パターン① 5/24週・5/31週　※赤文字部分コピペ
＝＝＝＝＝＝＝＝＝＝＝＝＝
 ＼2022/6/21(火)～6/25(土) ／
【無料】エンジニア向けオンラインイベント開催！

落合陽一、澤円、せきぐちあいみ、
池澤あやか、玉城絵美、戸倉彩など
著名な技術者たちの登壇が決定！

▼詳細・事前登録はこちらから
http://type.jp/et/feature/lp/ecdw2022/?waad=WJQEgzul
＝＝＝＝＝＝＝＝＝＝＝＝＝

▼パターン② 6/7週　※赤文字部分コピペ
＝＝＝＝＝＝＝＝＝＝＝＝＝
 ＼2022/6/21(火)～6/25(土) ／
【無料】エンジニア向けオンラインイベント開催！

シナモンAI 平野未来×戸倉彩×池澤あやか 
女性エンジニアが熱く・長く働き続けるには？
特別セッションあり！

▼詳細・事前登録はこちらから
http://type.jp/et/feature/lp/ecdw2022/?waad=WJQEgzul
＝＝＝＝＝＝＝＝＝＝＝＝＝

▼パターン③ 6/14週　※赤文字部分コピペ
＝＝＝＝＝＝＝＝＝＝＝＝＝
【開催間近！】2022/6/21(火)～6/25(土)
＼無料オンラインカンファレンスのお知らせ／

豪華ゲスト、女性技術者続々登壇！
技術者が学ぶ、つながる５日間
ENGINEER キャリアデザインウィーク

▼詳細・事前登録はこちらから
http://type.jp/et/feature/lp/ecdw2022/?waad=WJQEgzul
＝＝＝＝＝＝＝＝＝＝＝＝＝


▼パターン④ 6/21週　※赤文字部分コピペ

＝＝＝＝＝＝＝＝＝＝＝＝＝
【開催中！】2022/6/21(火)～6/25(土)
＼無料オンラインカンファレンスのお知らせ／

豪華ゲスト、女性技術者続々登壇！
技術者が学ぶ、つながる５日間
ENGINEER キャリアデザインウィーク

▼詳細・事前登録はこちらから
http://type.jp/et/feature/lp/ecdw2022/?waad=WJQEgzul
＝＝＝＝＝＝＝＝＝＝＝＝＝
",5/24(Tue),6/24(Fri),終了,リード文の下にいれる,
113,WTオンラインエンジニアイベント,"（火13）★新着総合_首都圏 A
（水19）未経験_研修・資格_エンジニア系_首都圏　★RPA
（木19）未経験エンジニア希望向け_首都圏　★RPA
（金13）新着総合_首都圏 B","┏━━━ PR★参加無料イベント━━━┓

2022年6月8日（水）18：00～19：30
女の転職type編集長＆注目企業の人事が登壇！
「未経験から手に職」を応援するオンラインイベント
▼エントリーこちらから▼
https://woman-type.jp/seminar/detail/31493/?routeway=91

━━━━━━━━━━━━━━━━

平均年収が高く、長く働ける「手に職」として注目度の高まるエンジニア職。
Webマガジン『Woman type』が、
「未経験者のエンジニア転職」をテーマにしたオンラインイベントを開催！

エンジニアという仕事の基本情報や、転職市場における女性ニーズ、
転職活動時に求人を見るコツ、人事が書類選考や面接でチェックしているポイントなど、
「未経験からエンジニアになる」ために役立つ情報をトークセッションします。

■ゲスト
女の転職type　編集長　小林 佳代子
type転職エージェント　キャリアアドバイザー　江口 歌奈子
サイボウズ、GMOあおぞらネット銀行、ワークスアイディの人事・採用担当

┗━━━━━━━━━━━━━━━━━┛",5/24(Tue),6/7(Tue),終了,"※メルマガごとに入れる場所を分けて
ご対応お願いします！

①（火13）新着総合_首都圏 A
②（金13）新着総合_首都圏 B
→フッタの前に入れる

③（水19）未経験_研修・資格_エンジニア系_首都圏
④（木19）未経験エンジニア希望向け_首都圏
→リード文の下にいれる

",
114,イベント告知,"（月20）20～35歳正社員求人
（火9）ランキング_クリエイティブ（Web）_希望
（水9）ランキング_クリエイティブ（その他）_希望
LすべてRPAのため、PR削除後は、RPA化に戻す","【PR：6/22無料イベント】━━━━━━━━━━━

★女の転職type×デジタルハリウッドstudioによる無料イベント★
　～クリエイティブスキルで広がるキャリアとは？～

開催日時：2022年6月22日(水)19時00分～20時30分

配信ツール：Zoomウェビナーまたはデジタルハリウッドstudio新宿

第一部：トークセミナー（19時00分～20時00分）
■30代向けNEWキャリアデザイン
・VUCA時代に抑えておきたい女性のキャリア
・働き方スタイル
・面接のときの注意点　など
■デジタルハリウッド卒業生を交えたトーク会

第二部：交流会（20時00分～20時30分）※オフライン参加者のみ
■登壇者とのコーヒー付き交流会

▼詳細・エントリーはこちら。当日参加も歓迎
https://woman-type.jp/wt/feature/25627/
━━━━━━━━━━━━━━━━━━━━━━━━",6/20(月),6/22(水),終了,,
115,IT大特集（経験者向け）,"（火金12）新着総合
（火金13）新着総合
（月12）納品対策","┏━━.+゜☆+.期間限定特集━━━┓

★スキルアップしながら長く働く！エンジニア経験者のためのIT・Web業界大特集★
https://woman-type.jp/s/itweb/?waad=4frWJiXC

┗━━━━━━━━ .+゜☆+. ━━┛",7/5(Tue),8/1(Mon),終了,リード文の下にいれる,
116,介護大特集＆神奈川大特集,"（火金12）新着総合
（火金13）新着総合
（月12）納品対策","┏━━━★期間限定特集★━━━━┓

◆手に職つけて社会に貢献！介護・保育・医療・福祉業界に関わる仕事特集◆
https://woman-type.jp/s/kaigosp/?waad=fb5rf2VK

★愛される街  神奈川県の仕事特集★
https://woman-type.jp/s/kanagawa/?waad=0wLFOZsX

┗━━━━━━━━━━━━━━━┛",8/2(Tue),9/12(Mon),終了,リード文の下にいれる,
117,志向別大特集,"（火金12）新着総合
（火金13）新着総合
（月12）納品対策","┏━━━★期間限定特集★━━━━┓

◆「“理想の働き方”から長く働ける職場を見つける！」大特集◆
https://woman-type.jp/s/careertype/?waad=Whzxo6Kw

┗━━━━━━━━━━━━━━━┛",9/13(Tue),10/10(Mon),終了,リード文の下にいれる,
118,女性フェアONLINE,"（月8）高収入_リモート_エンジニアクリエイティブ
（月11）エンジニア（IT系）_希望　★RPA
（火18）エンジニア系4本
（水9）ランキング_エンジニア（IT系）_希望　★RPA
（木8）人気検索KW_エンジニア系希望

▼最終週のみ追加
（土8）求人特集(35歳未満） B
（水8）求人特集(35歳未満) A
（火金13）新着総合_首都圏","┏━━.+゜☆+.女の転職type 転職イベント━━━┓

★10/8(土)女性エンジニアのための転職イベントONLINE開催★
Amazonギフト券最大5000円分のプレゼントあり！
https://woman-type.jp/s/event/online-engineer/?waad=Vi8ikdfU

┗━━━━━━━━━━━━━━━ .+゜☆+.━━┛",8/29(Mon),10/8(Sat),終了,リード文の下にいれる,
119,ITWEB大特集,"（火金12）新着総合
（火金13）新着総合
（月12）納品対策","┏━━━★期間限定特集★━━━━┓

◆専門スキルを身につけられる！IT・Web業界大特集◆
https://woman-type.jp/s/websp/?waad=SUBUNnw7

┗━━━━━━━━━━━━━━━┛",10/11(Tue),11/7(Mon),終了,リード文の下にいれる,
120,営業大特集,"（火金12）新着総合
（火金13）新着総合
（月12）納品対策","┏━━━★期間限定特集★━━━━┓

◆オンもオフも輝ける！営業大特集◆
https://woman-type.jp/s/salessp/?waad=waw0yO0y

┗━━━━━━━━━━━━━━━┛",11/8(Tue),12/5(Mon),終了,リード文の下にいれる,
121,WT差し込み,"期間中のみ以下のメルマガに差し込む
（金10）40代向け_ワークライフバランス
（土9）未経験OK_受付
（日11）年5日の連休取得可能
（月10）検討中ランキング_営業
（月10）検討中ランキング_コンサル
（月10）検討中ランキング_エンジニア
（月10）検討中ランキング_介護
（火8）休日充実_販サ系
（水10）関西_転勤なし","┏━━━━━━━★Woman typeの注目コンテンツ★━━━━━━━━┓

★【山下良美】Ｗ杯サッカー史上初の女性審判へ。「審判になるなんて考えていなかった」彼女の“まずやってみるマインド
https://woman-type.jp/wt/feature/28435/?waad=x2brFVcz&routeway=91

★「仕事も恋愛も他人に依存していた」発達障害で悩んだ過去を武器に変えたライター・姫野桂の逆転劇／大木亜希子の詰みバナ！
https://woman-type.jp/wt/feature/28394/?waad=x2brFVcz&routeway=91

★30代・事務職女性が年収アップするには？ キャリアアドバイザーが提案する三種類のアクション【働く女の「はじめての転職」お悩み相談室】
https://woman-type.jp/wt/feature/28692/?waad=x2brFVcz&routeway=91

★ボスからのフィードバックで気付いた「自分の在り方そのもの」の価値／週末北欧部chikaのフィンランドおしごと日記
https://woman-type.jp/wt/feature/28538/?waad=x2brFVcz&routeway=91

┗━━━━━━━━━━━━━━━━━━━━━━━━━━━━━━━┛",11/25(Fri),11/30(Wed),終了,"リード文の下にいれる
※次回の月末増発時に外す",
122,WTオンラインエンジニアイベント,"（水19）未経験_研修・資格_エンジニア系_首都圏　★RPA
（水19）フルリモート_全国_エンジニア
（木19）未経験エンジニア希望向け_首都圏　★RPA
→PR差し込み期間終了後、RPA運営に戻す","┏━ PR★Woman type主催の無料イベント━┓

2022年12月20日（火）18：00～19：30
～エンジニアになりたい女性向け～
「未経験から手に職」を応援するオンラインイベント開催！
女の転職type編集長 × Ms.Engineer代表 × Waffle代表が登壇！

▼エントリーはこちらから▼
https://woman-type.jp/wt/feature/28810/

┗━━━━━━━━━━━━━━━━━━━┛",11/30(Wed),12/18(Sun),終了,リード文の下にいれる,
123,"志向別大特集
神奈川大特集","（火金12）新着総合
（火金13）新着総合
（月12）納品対策","┏━━.+゜☆+.期間限定特集━━━┓

◆「“理想の働き方”から長く働ける職場を見つける！」大特集◆
https://woman-type.jp/s/careertype/?waad=Whzxo6Kw

★愛される街  神奈川県の仕事特集★
https://woman-type.jp/s/kanagawa/?waad=0wLFOZsX

┗━━━━━━━━ .+゜☆+. ━━┛",12/6(Tue),1/16(Mon),終了,リード文の下にいれる,
124,ウキフェア,"（火金12）新着総合
（火金13）新着総合
（水14）編集部オススメ‗事務
（木20）事務職 A
（土12）編集部オススメ‗営業
（日9）応募ランキング C
（月12）納品対策

▼1/24週より追加
（火9）ランキング_事務（一般事務）_希望
（水9）ランキング_事務（営業事務）_希望
（木10）経験活かせる_事務
（土10）検討中ランキング_事務","┏━━.+゜☆+.女の転職type 転職イベント━━━┓

2023/2/4(土)12:00～18:00
渋谷ヒカリエにて女性のための転職イベント開催！
ご来場者全員にQUOカード500円分プレゼント！
https://woman-type.jp/s/event/?waad=lkN7G63y

┗━━━━━━━━━━━━━━━ .+゜☆+.━━┛",12/17(Sat),2/4(Sat),終了,"リード文の下にいれる

※他のPRも差し込んでいる場合は
こちらのPRを最上部にする",
125,IT大特集（経験者向け）,"（火金12）新着総合
（火金13）新着総合
（月12）納品対策","┏━━.+゜☆+.期間限定特集━━━┓

スキルアップしながら長く働く！
エンジニア経験者のためのIT・Web業界大特集
https://woman-type.jp/s/itweb/?waad=4frWJiXC

┗━━━━━━━━ .+゜☆+. ━━┛",1/17(Tue),2/13(Mon),終了,リード文の下にいれる,
126,"関西大特集
販売サービス大特集","（火金12）新着総合
（火金13）新着総合
（月12）納品対策","┏━━.+゜☆+.期間限定特集━━━┓

◆キレイもキャリアも手に入れる アパレル・コスメ・美容業界大特集◆
https://woman-type.jp/s/fashion/sp20160927/?waad=Sc9pToTa

◆大阪エリアで働きたい人のための関西大特集◆
https://woman-type.jp/s/kansai/?waad=PtjnBstP

┗━━━━━━━━ .+゜☆+. ━━┛",2/14(Tue),3/13(Mon),終了,リード文の下にいれる,
127,オフィスワーク大特集,"（火金12）新着総合
（火金13）新着総合
（月12）納品対策","┏━━━★期間限定特集★━━━━┓

◆スキルをつけて長く働く！ねらい目のオフィスワーク特集◆
https://woman-type.jp/s/officework/?waad=faB2LNZZ

┗━━━━━━━━━━━━━━━┛",3/14(Tue),4/10(Mon),終了,リード文の下にいれる,
128,IT・Web大特集,"（火金12）新着総合
（火金13）新着総合
（月12）納品対策","┏━━.+゜☆+.期間限定特集━━━┓

スキルアップしながら長く働く！
エンジニア経験者のためのIT・Web業界大特集
https://woman-type.jp/s/itweb/?waad=4frWJiXC

┗━━━━━━━━ .+゜☆+. ━━┛",4/11(Tue),5/8(Mon),終了,リード文の下にいれる,
129,"販売サービス大特集
関西大特集","（火金12）新着総合
（火金13）新着総合
（月12）納品対策","┏━━━★期間限定特集★━━━━┓

◆実は魅力がたくさん！「サービス・販売系職種」大特集◆
https://woman-type.jp/s/service/?waad=fjHIdBUn

◆大阪エリアで働きたい人のための関西大特集◆
https://woman-type.jp/s/kansai/?waad=PtjnBstP

┗━━━━━━━━━━━━━━━┛",5/9(Tue),6/5(Mon),終了,リード文の下にいれる,
130,営業大特集,"（火金12）新着総合
（火金13）新着総合
（月12）納品対策","┏━━━★期間限定特集★━━━━┓

◆オンもオフも輝ける！営業大特集◆
https://woman-type.jp/s/salessp/?waad=waw0yO0y

┗━━━━━━━━━━━━━━━┛",6/6(Tue),7/3(Mon),終了,リード文の下にいれる,
131,ITキャリアラボ,"(火20)20代に人気
　20代に人気_第二新卒
　20代に人気_関西
(水11)20代_服装自由_首都圏
(木17)20代に人気_事務

ＬPR差し込み終了後、RPA運営に戻す","┏━ PR★女の転職type主催の無料企画━┓

～ITエンジニアになりたい女性向け～
「未経験から手に職」を応援するプログラミング講座開催！
受講＆テスト完了で必ず企業の面接が受けられる！

▼詳細・エントリーはこちらから▼
http://woman.type.jp/s/itc-labo?waad=cAs8N8ig

┗━━━━━━━━━━━━━━━━━━━┛",4/4(Tue),4/10(Mon),終了,リード文の下にいれる,
132,WT差し込み,"（木14）関西‗リモート×フレックス
（木15）レコメンドリマインド
（金18）高収入_未経験OK
（日9）応募ランキング C","┏━ PR★Woman type主催の無料イベント━┓

未経験からのエンジニアデビュー応援イベント開催★
2023年4月13日（木）18～20時　
#参加無料　#プログラミング体験付　#オンライン

━━━━━━━━━━━━━━━━━━━━

「未経験からエンジニアになりたい！」
「エンジニアの仕事を体験してみたい！」
そんな方にピッタリのオンラインイベントです！

▼エントリーはこちらから▼
https://woman-type.jp/wt/feature/30346/

┗━━━━━━━━━━━━━━━━━━━┛
",3/31(Fri),4/12(Wed),終了,"リード文の下にいれる
※次回の配信時に外す",
133,ECDW,"（水9）ランキング_エンジニア（IT系）_希望　★RPA
（水19）フルリモート_全国_エンジニア
（木19）首都圏‗エンジニア×リモート×フレックス
（月8）高収入_リモート_エンジニアクリエイティブ","┏【ECDW2023】6/21-25開催！豪華登壇者ずらり ┓

★落合陽一、澤 円、池澤あやか、村上 臣 ほか多数
★参加無料！オンライン開催（一部除く）
https://type.jp/et/feature/ecdw/?waad=WJQEgzul

┗━━━━━━━━━━━━━━━ .+゜☆+.━━┛",5/31(Wed),6/22(Thu),終了,リード文の下にいれる,
134,IT・Web業界大特集,"（火金12）新着総合
（火金13）新着総合
（月12）納品対策","┏━━.+゜☆+.期間限定特集━━━┓

スキルアップしながら長く働く！
エンジニア経験者のためのIT・Web業界大特集
https://woman-type.jp/s/itweb/?waad=4frWJiXC

┗━━━━━━━━ .+゜☆+. ━━┛",7/4(Tue),7/31(Mon),終了,リード文の下にいれる,
135,"介護大特集
神奈川大特集","（火金12）新着総合
（火金13）新着総合
（月12）納品対策","
┏━━━★期間限定特集★━━━━┓

◆手に職つけて社会に貢献！介護・保育・医療・福祉業界に関わる仕事特集◆
https://woman-type.jp/s/kaigosp/?waad=fb5rf2VK

★愛される街  神奈川県の仕事特集★
https://woman-type.jp/s/kanagawa/?waad=0wLFOZsX

┗━━━━━━━━━━━━━━━┛",8/1(Tue),9/11(Mon),終了,リード文の下にいれる,
136,志向別大特集,"（火金12）新着総合
（火金13）新着総合
（月12）納品対策","┏━━━★期間限定特集★━━━━┓

◆「“理想の働き方”から長く働ける職場を見つける！」大特集◆
https://woman-type.jp/s/careertype/?waad=Whzxo6Kw

┗━━━━━━━━━━━━━━━┛",9/12(Tue)2023,10/9(Mon)2023,終了,リード文の下にいれる,
137,ウキフェア,"（火金12）新着総合
（火金13）新着総合
（水14）編集部オススメ‗事務
（木20）事務職 A
（土12）編集部オススメ‗営業
（日9）応募ランキング C
（月12）納品対策

▼9/5週より追加
（火8）推し活_残業なし_休日120日以上_月給25万以上
（火10）カスタマーサクセス_リモート 
（木12）新規会員向け_自己PR不要_求人特集
（木20）首都圏_フルリモート_求人特集","┏━━.+゜☆+.女の転職type 転職イベント━━━┓

2023/9/9(土)12:00～18:00
渋谷ヒカリエにて女性のための転職イベント開催！
最大2,000円分のQUOカード他をプレゼント！
https://woman-type.jp/s/event/?waad=lkN7G63y

┗━━━━━━━━━━━━━━━ .+゜☆+.━━┛

▼9/5週より追加分だけこの文章にて対応
┏━━━【PR】女の転職type 転職イベント━━━┓

いよいよ今週末！《2023/9/9(土)12:00～18:00》
渋谷ヒカリエにて女性のための転職イベント開催！
最大2,000円分のQUOカード他をプレゼント！

出展企業例：コーセー化粧品販売 / ANAテレマート / キヤノン 
日本ヒューレット・パッカード合同会社 / 公益財団法人東京都公園協会
住友不動産建物サービス / コクヨアンドパートナーズ ほか

https://woman-type.jp/s/event/?waad=lkN7G63y

┗━━━━━━━━━━━━━━━ .+゜☆+.━━┛",7/18(Tue),9/9(Sat),終了,"リード文の下にいれる

※他のPRも差し込んでいる場合は
こちらのPRを最上部にする",
138,"IT・Web大特集（未経験）
販売サービス大特集","（火金12）新着総合
（火金13）新着総合
（月12）納品対策","┏━━━★期間限定特集★━━━━┓

◆専門スキルを身につけられる！IT・Web業界大特集◆
https://woman-type.jp/s/websp/?waad=SUBUNnw7

◆実は魅力がたくさん！「サービス・販売系職種」大特集◆
https://woman-type.jp/s/service/?waad=fjHIdBUn

┗━━━━━━━━━━━━━━━┛",10/10(Tue)2023,11/6(Mon)2023,終了,リード文の下にいれる,
139,営業大特集,"（火金12）新着総合
（火金13）新着総合
（月12）納品対策","┏━━━★期間限定特集★━━━━┓

◆オンもオフも輝ける！営業大特集◆
https://woman-type.jp/s/salessp/?waad=waw0yO0y

┗━━━━━━━━━━━━━━━┛",11/7(Tue)2023,12/4(Mon)2023,終了,リード文の下にいれる,
140,"志向別大特集
神奈川大特集","（火金12）新着総合
（火金13）新着総合
（月12）納品対策","┏━━━★期間限定特集★━━━━┓

◆「“理想の働き方”から長く働ける職場を見つける！」大特集◆
https://woman-type.jp/s/careertype/?waad=Whzxo6Kw

★愛される街  神奈川県の仕事特集★
https://woman-type.jp/s/kanagawa/?waad=0wLFOZsX

┗━━━━━━━━━━━━━━━┛",12/5(Tue)2023,1/15(Mon)2024,終了,リード文の下にいれる,
152,ウキフェア,"（火金12）新着総合
（火金13）新着総合
（水14）編集部オススメ‗事務
（木20）事務職 A
（土12）編集部オススメ‗営業
（日9）応募ランキング C
（月12）納品対策","┏━━.+゜☆+.女の転職type 転職イベント━━━┓

2024/2/3(土)12:00～18:00
渋谷ヒカリエにて女性のための転職イベント開催！
最大2,000円分のQUOカード他をプレゼント！
https://woman-type.jp/s/event/?waad=lkN7G63y

┗━━━━━━━━━━━━━━━ .+゜☆+.━━┛",12/5(Tue),2/3(Sat),終了,"リード文の下にいれる

※他のPRも差し込んでいる場合は
こちらのPRを最上部にする",
141,IT・Web大特集（経験）,"（火金12）新着総合
（火金13）新着総合
（月12）納品対策","┏━━.+゜☆+.期間限定特集━━━┓

スキルアップしながら長く働く！
エンジニア経験者のためのIT・Web業界大特集
https://woman-type.jp/s/itweb/?waad=4frWJiXC

┗━━━━━━━━ .+゜☆+. ━━┛",1/16(Tue)2024,2/12(Mon)2024,終了,リード文の下にいれる,
153,"アパレル・コスメ大特集
関西大特集","（火金12）新着総合
（火金13）新着総合
（月12）納品対策","┏━━.+゜☆+.期間限定特集━━━┓

◆キレイもキャリアも手に入れる アパレル・コスメ・美容業界大特集◆
https://woman-type.jp/s/fashion/sp20160927/?waad=Sc9pToTa

◆大阪エリアで働きたい人のための関西大特集◆
https://woman-type.jp/s/kansai/?waad=PtjnBstP

┗━━━━━━━━ .+゜☆+. ━━┛",2024/2/13(Tue),2024/3/11(Mon),終了,リード文の下にいれる,
154,ウキフェア,"（火金12）新着総合
（火金13）新着総合
削除：（土20）35歳未満_PV多い求人
（木8）年収500万以上_未経験歓迎
（水8）★求人特集(35歳未満) A
（水19）未経験_研修・資格_エンジニア系_首都圏
開始・終了時の手動設定⇔RPAに注意","┏━━.+゜☆+.女の転職type 転職イベント━━━┓

4/20(土)12:00～18:00
渋谷ヒカリエにて女性のための転職イベント開催！
最大2,000円分のQUOカード他をプレゼント！
https://woman-type.jp/s/event/?waad=TRR2CPXt

┗━━━━━━━━━━━━━━━ .+゜☆+.━━┛",24/3/12(火),24/4/19(金),終了,"リード文の下に入れる

※他のPRも差し込んでいる場合は
こちらのPRを最上部にする",
155,オフィスワーク大特集,"（火金12）新着総合
（火金13）新着総合
（月12）納品対策","┏━━━★期間限定特集★━━━━┓

◆スキルをつけて長く働く！ねらい目のオフィスワーク特集◆
https://woman-type.jp/s/officework/?waad=faB2LNZZ

┗━━━━━━━━━━━━━━━┛",2024/3/12(Tue),2024/4/8(Mon),終了,リード文の下にいれる,
156,IT・Web大特集（経験）,"（火金12）新着総合
（火金13）新着総合　12時に集約された模様
（月12）納品対策","┏━━.+゜☆+.期間限定特集━━━┓

スキルアップしながら長く働く！
エンジニア経験者のためのIT・Web業界大特集
https://woman-type.jp/s/itweb/?waad=4frWJiXC

┗━━━━━━━━ .+゜☆+. ━━┛",2024/4/9(Tue),2024/5/6(Mon),終了,リード文の下にいれる,
157,"アパレル・コスメ大特集
東海大特集","（火金12）新着総合
（火金13）新着総合　12時に集約された模様
（月12）納品対策","┏━━.+゜☆+.期間限定特集━━━┓

◆キレイもキャリアも手に入れる アパレル・コスメ・美容業界大特集◆
https://woman-type.jp/s/fashion/sp20160927/?waad=Sc9pToTa

◆愛知・静岡・三重・岐阜で働こう！東海地方の仕事特集
https://woman-type.jp/s/tokai/?waad=GhhWx1z3

┗━━━━━━━━ .+゜☆+. ━━┛",2024/5/7(Tue),2024/6/3(Mon),終了,リード文の下にいれる,
158,営業大特集,"（火金12）新着総合
（火金13）新着総合　12時に集約された模様
（月12）納品対策","┏━━━★期間限定特集★━━━━┓

◆オンもオフも輝ける！営業大特集◆
https://woman-type.jp/s/salessp/?waad=waw0yO0y

┗━━━━━━━━━━━━━━━┛",2024/6/4(Tue),2024/7/1(Mon),終了,リード文の下にいれる,
159,"IT・Web大特集（経験）
販売サービス大特集","（火金12）新着総合
（火金13）新着総合
（月12）納品対策","┏━━.+゜☆+.期間限定特集━━━┓

◆スキルアップしながら長く働く！
エンジニア経験者のためのIT・Web業界大特集
https://woman-type.jp/s/itweb/?waad=4frWJiXC

◆実は魅力がたくさん！「サービス・販売系職種」大特集◆
https://woman-type.jp/s/service/?waad=fjHIdBUn

┗━━━━━━━━ .+゜☆+. ━━┛",2024/7/2(Tue),2024/7/29(Mon),終了,リード文の下にいれる,
160,"介護大特集
関西大特集","（火金12）新着総合
（火金13）新着総合　※12時台に集約されています。
（月12）納品対策","
┏━━━★期間限定特集★━━━━┓

◆手に職つけて社会に貢献！介護・保育・医療・福祉業界に関わる仕事特集◆
https://woman-type.jp/s/kaigosp/?waad=fb5rf2VK

◆大阪エリアで働きたい人のための関西大特集◆
https://woman-type.jp/s/kansai/?waad=PtjnBstP

┗━━━━━━━━━━━━━━━┛",2024/7/30(Tue),2024/9/9(Mon),終了,リード文の下にいれる,
161,ET差し込み,"（火18）エンジニア_経験_首都圏版
（火18）エンジニア_未経験_首都圏版
（火18）スカウトリマインド
（火21）WEB面接・コロナ対策","┏━━━━━━━★姉妹サイトエンジニアtypeの注目コンテンツ★━━━━━━━━┓

エンジニアの方はもちろん、そうでない方にも、
仕事やキャリアの参考にしていただけそうな記事をピックアップしました♪

 ★着想は「起動しないPepper」LOVOT開発者・林要が説くテクノロジーと幸せの関係性
https://type.jp/et/feature/23728/
 ★ひろゆき「失敗する」宣言！話題のSNS『DYSTOPIA』開発者と対談【連載：僕ならこう作るね】
https://type.jp/et/feature/23611/
★良かれと思ってやったのに…元Google人事が説く、日本の管理職がやりがちなエンジニアの心理的安全性を下げるNG行動四つ
https://type.jp/et/feature/22419/
★発行部数16万部突破！『「静かな人」の戦略書』著者ジル・チャンさんに聞いた、リーダー業務が苦手な人が「内向的資質」を武器にする思考法
https://type.jp/et/feature/21887/

┗━━━━━━━━━━━━━━━━━━━━━━━━━━━━━━━┛
",10/31(Tue)2023,10/31(Tue)2023,終了,リード文の下にいれる,
162,WT差し込み,"（火8）関西_自己PR不要_リモート未経験_事務
（火10）カスタマーサクセス_リモート 
（火20）引っ越し特典","┏━━━━━━━★姉妹サイトWoman typeの注目コンテンツ★━━━━━━━━┓

▼働く女性にも参考になる！有名人たちの仕事論
・津田健次郎「僕にとって立ち止まることは恐怖」いい芝居を追求するために捨てる、経験への甘え
https://woman-type.jp/wt/feature/32524/
・【大木亜希子✕深川麻衣】作家・俳優に転身した二人が“元アイドル”のレッテルから解放されるまで
https://woman-type.jp/wt/feature/32616/

▼転職お役立ちコンテンツ♪
・  カジュアル面談は「選考ではない」って言うけれど……？ 採用担当者が転職者に抱く、葛藤と願望
https://woman-type.jp/wt/feature/32576/
・女性は年齢を重ねても年収が上がらない？ 人生100年時代、自分らしく稼ぎ続けるためにできる3つのこと
https://woman-type.jp/wt/feature/32542

┗━━━━━━━━━━━━━━━━━━━━━━━━━━━━━━━┛
",10/31(Tue)2023,10/31(Tue)2023,終了,リード文の下にいれる,
161,志向別大特集,"（火金12）新着総合
（火金13）新着総合　※12時台に集約されています。
（月12）納品対策","┏━━━★期間限定特集★━━━━┓

◆「“理想の働き方”から長く働ける職場を見つける！」大特集◆
https://woman-type.jp/s/careertype/?utm_source=adm&utm_medium=email&utm_campaign=adm_pr_1

┗━━━━━━━━━━━━━━━┛",2024/9/10(Tue),2024/10/7(Mon),終了,リード文の下にいれる,
162,WT差し込み,"(火18)スカウトリマインド　※月末増発
(水10)新生活応援_複数_未経験_事務　※月末増発
(水21)年収UP
(木15)レコメンドリマインド　※月末増発
(木19)フルリモート×未経験歓迎_過去会員　※月末増発","┏━━━━━━━★姉妹サイトWoman typeの注目コンテンツ★━━━━━━━━┓

▼転職お役立ちコンテンツ♪
・リーマン後最大級の売り手市場で「女性の転職」に追い風？ このチャンスを生かす4つの行動
https://woman-type.jp/wt/feature/32791/
・採用人事が転職者に伝授する、年収交渉のコツ「高い年収額で入社するリスクもある」
https://woman-type.jp/wt/feature/32721/
・転職者のSNSチェックする？ 人事が明かす、リファレンスチェックの本当の狙い
https://woman-type.jp/wt/feature/32677/
・今やりたいこと、いずれ挑戦したいこと、どちらを選んだらいい？ キャリアアドバイザーが明かす、30代以降の選択肢を広げる行動
https://woman-type.jp/wt/feature/32650/
┗━━━━━━━━━━━━━━━━━━━━━━━━━━━━━━━┛",11/28(Tue),11/30(Thu),終了,リード文の下にいれる,
162,エンジニア入社プレゼントキャンペーン,"（火金12）新着総合
（火金13）新着総合
（月12）納品対策
（月19）超好条件_エンジニア
（木8）年収500万以上_未経験歓迎
~~開始・終了時の手動設定⇔RPAに注意~~
（火19）フルリモート_全国_エンジニア
（水12）自己PR不要_リモート未経験_エンジニア
~~~~~~~~~~~~~~~~~~~~~~~~~~~~~~~~~","┏.+゜☆+.━━━━━━━━ ━.+゜☆+. ゜┓

【Amazonギフトカード10,000円分プレゼント！】
女の転職typeに掲載中の「ITエンジニア系」求人に
入社決定＆エントリーで、Amazonギフトカードをプレゼント！

▼詳しくはこちら
https://epfb.f.msgs.jp/n/form/epfb/FzsRepky7rHM7XmmnHuFd?waad=LGbT0rkJ

┗.+゜☆+. ゜━ ━━━━━━━━.+゜☆+.┛",2024/3/25(Mon),2024/4/30(Tue),終了,"リード文の下にいれる
フェアの次でよいです",
163,エンジニア専門サイトPR,"ランキング_エンジニア（IT系）_希望
エンジニア_未経験_首都圏版
エンジニア_未経験_35歳以上_首都圏版
事務（経理）_希望
未経験_研修・資格_エンジニア系_首都圏","┏.+゜☆+.━━━━━━━━ ━.+゜☆+. ゜┓

～未経験からでも大丈夫◎　目指せ手に職！ITエンジニア～
ITエンジニア求人を様々な検索方法で探せる！

＼エンジニア専門サイトはこちら／
http://woman.type.jp/s/engineer/?waad=GjG9MSYz

┗.+゜☆+. ゜━ ━━━━━━━━.+゜☆+.┛",2024/3/25(Mon),24/7/21(土),終了,コメントで依頼しているので、スケジュールへの反映は不要です,"☆エンジニア_未経験_首都圏版
☆エンジニア_未経験_35歳以上_首都圏版
未経験_研修・資格_エンジニア系_首都圏
はPR165に差し替え
ランキング_エンジニア（IT系）_希望
はPR167に差し替え
事務（経理）_希望は差し込み終了"
164,ウキフェア,"（火金12）新着総合
（火金13）新着総合
（水8）★求人特集(35歳未満) A
（日9）応募ランキング C　※フェア終了後RPA戻し
（月12）納品対策

","┏━━.+゜☆+.女の転職type 転職イベント━━━┓

7/27(土)12:00～18:00
東京国際フォーラムにて女性のための転職イベント開催！
最大2,000円分のQUOカード他をプレゼント！
https://woman-type.jp/s/event/?utm_source=woman-type&utm_medium=email&utm_campaign=inner_wr_boss_pr_240727&waad=TRR2CPXt

┗━━━━━━━━━━━━━━━ .+゜☆+.━━┛",24/6/12(水),24/7/26(金),終了,"リード文の下に入れる

※他のPRも差し込んでいる場合は
こちらのPRを最上部にする",
165,"エンジニア専門サイトPR
未経験者(経験職種無・未経験OK)","火18時 ☆エンジニア_未経験_首都圏版
火18時 ☆エンジニア_未経験_35歳以上_首都圏版
木19時 未経験エンジニア希望向け_首都圏
水19時 未経験_研修・資格_エンジニア系_首都圏
水12時 自己PR不要_リモート未経験_エンジニア
火11時 事務（経理）_希望","┏.+゜☆+.━━━━━━━━ ━.+゜☆+. ゜┓

～未経験からでも大丈夫◎　目指せ手に職！ITエンジニア～
ITエンジニア求人を様々な検索方法で探せる！

＼エンジニア専門サイトはこちら／
http://woman.type.jp/s/engineer/?utm_source=adm&utm_medium=email&utm_campaign=adm_pr_11

┗.+゜☆+. ゜━ ━━━━━━━━.+゜☆+.┛","24/7/22(月)
18時配信~",ずっと,,"リード文の下に入れる

※他のPRも差し込んでいる場合は
こちらのPRを最上部にする
※今後新しくPRを差し込むときは下になってしまっても問題ないです",
166,"エンジニア専門サイトPR
(経験者※経験職種有)","日19時 上場_エンジニア経験
火18時 ☆エンジニア_経験_首都圏版
火18時 ☆エンジニア_経験_35歳以上_首都圏版","┏.+゜☆+.━━━━━━━━ ━.+゜☆+. ゜┓

～エンジニア経験者必見◎今後のキャリアのヒントに！～
こだわりの働き方や会社の特徴などから簡単に求人が探せる！

＼エンジニア専門サイトはこちら／
https://woman-type.jp/s/itengineer/?utm_source=adm&utm_medium=email&utm_campaign=adm_pr_12

┗.+゜☆+. ゜━ ━━━━━━━━.+゜☆+.┛","24/7/22(月)
18時配信~",ずっと,,"リード文の下に入れる

※他のPRも差し込んでいる場合は
こちらのPRを最上部にする
※今後新しくPRを差し込むときは下になってしまっても問題ないです",
167,"エンジニア専門サイトPR
(希望職種のみ)","月19時 超好条件_エンジニア
火19時 フルリモート_全国_エンジニア
水9時 ランキング_エンジニア（IT系）_希望","┏.+゜☆+.━━━━━━━━ ━.+゜☆+. ゜┓

～エンジニア必見◎今後のキャリアのヒントに！～
こだわりの働き方や会社の特徴などから簡単に求人が探せる！

＼エンジニアを目指す！未経験者専門サイトはこちら／
http://woman.type.jp/s/engineer/?utm_source=adm&utm_medium=email&utm_campaign=adm_pr_11

＼経験を活かして活躍！経験者専門サイトはこちら／
https://woman-type.jp/s/itengineer/?utm_source=adm&utm_medium=email&utm_campaign=adm_pr_12

┗.+゜☆+. ゜━ ━━━━━━━━.+゜☆+.┛","24/7/22(月)
18時配信~",ずっと,,"リード文の下に入れる

※他のPRも差し込んでいる場合は
こちらのPRを最上部にする
※今後新しくPRを差し込むときは下になってしまっても問題ないです",
168,営業・企画職専門サイトPR,"日曜21時 検討中ランキング_営業
→隔週配信","┏.+゜☆+.━━━━━━━━ ━.+゜☆+. ゜┓

営業・企画職の新しい働き方を見つけよう。

▼営業・企画職の専門サイト
https://woman-type.jp/sales/?waad=3Qc98CpN

┗.+゜☆+. ゜━ ━━━━━━━━.+゜☆+.┛","24/8/4(日)
21時配信~",2024/09/22（日）,終了,"リード文の下に入れる
※他のPRも差し込んでいる場合は
こちらのPRを最上部にする",
169,ウキフェア,"（火金12）新着総合
（水8）★求人特集(35歳未満) A
（日9）応募ランキング C　※フェア終了後RPA戻し
（月12）納品対策

","┏━━.+゜☆+.女の転職type 転職イベント━━━┓

10/19(土)12:00～18:00
渋谷ヒカリエにて女性のための転職イベント開催！
最大1,500円分のQUOカード他をプレゼント！
https://woman-type.jp/s/event/?utm_source=fair_woman-type&utm_medium=email&utm_campaign=inner_wr_mail_boss_pr_241019

┗━━━━━━━━━━━━━━━ .+゜☆+.━━┛",24/9/4(水),24/10/18(金),終了,"リード文の下に入れる

※他のPRも差し込んでいる場合は
こちらのPRを最上部にする",
170,D-typeアプリインストール,"☆エンジニア_経験_首都圏版
☆エンジニア_経験_35歳以上_首都圏版","★Direct typeで転職が決まった方に
【Amazonギフト券 1万円分】プレゼント！★
ITエンジニアのためのスカウト型転職サービス【 Direct type 】
↓こちらよりご登録ください↓
https://bit.ly/ITP2311
・‥…━━━━━━━━━━━━━━…‥・

Direct type（ダイレクトタイプ）https://directtype.jp は
ITエンジニア専用のスカウト型転職サービスです。
登録後は待つだけ。
企業から直接アプローチが来るため、スキマ時間を活用して
効率的に転職活動を進めることができます。
・IT求人、常時1600職種以上
・ITエンジニアスカウト100％なのでマッチしたスカウトが届きます
・職種から言語、CI/CDツールまで、ITエンジニア向の登録項目が充実
　自分の経験と希望を詳細に登録できるので、高精度のマッチングが実現できる！

▼ アプリ版※iOS限定【 Direct type 】のDLはこちらから
https://apps.apple.com/us/app/id1525688066

・‥…━━━━━━━━━━━━━━…‥・
",2024/9/17,2024/9/30,終了,"既存PRの下に入れる
担当：田村さん",
171,"IT・Web（経験）大特集
販売サービス大特集","（火金12）新着総合
（火金13）新着総合　※12時台に集約されています。
（月12）納品対策","┏━━━★期間限定特集★━━━━┓

◆スキルアップしながら長く働く！エンジニア経験者のためのIT・Web業界大特集◆
https://woman-type.jp/s/itweb/?utm_source=adm&utm_medium=email&utm_campaign=adm_pr_2

◆未経験でもチャレンジ可　実は魅力がたくさん！「サービス・販売系職種」大特集◆
https://woman-type.jp/s/service/?utm_source=adm&utm_medium=email&utm_campaign=adm_pr_3

┗━━━━━━━━━━━━━━━┛",2024/10/8(Tue),2024/11/4(Mon),終了,リード文の下にいれる,
172,ウキフェア大阪,"（火金12）新着総合_関西
（木14）関西‗リモート×フレックス
（月19）関西‗超好条件_事務
（月14）☆関西","┏━━.+゜☆+.女の転職type 転職イベント━━━┓

12/14(土)12:00～18:00
グランフロント大阪にて女性のための転職イベント開催！
最大1,500円分のQUOカード他をプレゼント！
https://woman-type.jp/s/event/osaka/?utm_source=fair_woman-type&utm_medium=email&utm_campaign=inner_wr_mail_boss_pr_241214

┗━━━━━━━━━━━━━━━ .+゜☆+.━━┛
",2024/10/28(Mon),2024/12/14(Sat),終了,"リード文の下に入れる

※他のPRも差し込んでいる場合は
こちらのPRを最上部にする",
173,営業大特集,"（火金12）新着総合
（月12）納品対策","┏━━━★期間限定特集★━━━━┓

オンもオフも輝ける！営業大特集
https://woman-type.jp/s/salessp/?utm_source=inside&utm_medium=direct&utm_campaign=cmp22

┗━━━━━━━━━━━━━━━┛",2024/11/5(Tue),2024/12/2(Mon),終了,リード文の下にいれる,
174,関西大特集,"（火金12）新着総合
（月12）納品対策","┏━━━★期間限定特集★━━━━┓

仕事もプライベートも充実！大阪エリアで働きたい人のための関西大特集
https://woman-type.jp/s/kansai/?utm_source=adm&utm_medium=email&utm_campaign=adm_pr_5

┗━━━━━━━━━━━━━━━┛",2024/12/3(Tue),2025/1/6(Mon),終了,リード文の下にいれる,
175,ウキフェア,"（火金12）新着総合
（水8）★求人特集(35歳未満) A
（日9）応募ランキング C　
　　※フェア終了後RPA戻し　リプレイス配信の為手動継続
（月12）納品対策","┏━━.+゜☆+.女の転職type 転職イベント━━━┓

2/1(土)12:00～18:00
渋谷ヒカリエにて女性のための転職イベント開催！
最大1,500円分のQUOカード他をプレゼント！
https://woman-type.jp/s/event/?utm_source=fair_woman-type&utm_medium=email&utm_campaign=inner_wr_mail_boss_pr_250201

┗━━━━━━━━━━━━━━━ .+゜☆+.━━┛",24/12/19(木)18時配信~,25/1/31(金),終了,"リード文の下に入れる

※他のPRも差し込んでいる場合は
こちらのPRを最上部にする",
176,IT・Web（経験）大特集,"（火金12）新着総合
（月12）納品対策","┏━━━★期間限定特集★━━━━┓

◆スキルアップしながら長く働く！エンジニア経験者のためのIT・Web業界大特集◆
https://woman-type.jp/s/itweb/?utm_source=adm&utm_medium=email&utm_campaign=adm_pr_2 

┗━━━━━━━━━━━━━━━┛",2025/1/7(Tue),2025/2/3(Mon),終了,リード文の下にいれる,
177,"アパレル コスメ大特集
神奈川大特集","（火金12）新着総合
（月12）納品対策","┏━━━★期間限定特集★━━━━┓

◆キレイもキャリアも手に入れるアパレル･コスメ･美容業界大特集◆
https://woman-type.jp/s/fashion/sp20160927/?utm_source=adm&utm_medium=email&utm_campaign=adm_pr_6
 
◆愛される街！神奈川県の仕事特集◆
https://woman-type.jp/s/kanagawa/?utm_source=adm&utm_medium=email&utm_campaign=adm_pr_7

┗━━━━━━━━━━━━━━━┛",2025/2/4(Tue),2025/3/3(Mon),終了,リード文の下にいれる,
178,WTイベント,"エンジニア限定_単独求人メルマガ
未経験エンジニア希望向け_首都圏","┏…『Woman type』よりお知らせ！プログラミング体験ができるイベントを2/22(土)に開催…┓

★参加無料
★女性向けプログラミングスクールの有料プログラムを体験するチャンス
★赤坂でオフライン開催！講師や未経験スタートした先輩たちに直接質問できます

エンジニアの仕事に興味はあるけど、知識ゼロで不安…という方はぜひ体験してみてください！

▼詳細はこちらから
https://woman-type.jp/wt/feature/37968/?utm_source=adm&utm_medium=email&utm_campaign=uki_adm_273&routeway=91
┗………………………………………………………………┛
",2025/2/18(Tue),2025/2/18(Tue),終了,リード文の下にいれる,
179,オフィスワーク大特集,"（火金12）新着総合
（月12）納品対策","┏━━━★期間限定特集★━━━━┓

◆スキルをつけて長く働く！ねらい目のオフィスワーク特集◆
https://woman-type.jp/s/officework/?utm_source=adm&utm_medium=email&utm_campaign=adm_pr_8

┗━━━━━━━━━━━━━━━┛",2025/3/4(Tue),2025/3/31(Mon),終了,リード文の下にいれる,
180,ウキフェア,"（火金12）新着総合
（水8）★求人特集(35歳未満) A
（日9）応募ランキング C　
　　※フェア終了後RPA戻し
（月12）納品対策","┏━━.+゜☆+.女の転職type 転職イベント━━━┓

4/19(土)12:00～18:00
渋谷ヒカリエにて女性のための転職イベント開催！
QUOカードなどがもらえるプレゼント企画も！
https://woman-type.jp/s/event/?utm_source=fair_woman-type&utm_medium=email&utm_campaign=inner_wr_mail_boss_pr_250419

┗━━━━━━━━━━━━━━━ .+゜☆+.━━┛",25/3/7(金),25/4/18(金),終了,"リード文の下に入れる

※他のPRも差し込んでいる場合は
こちらのPRを最上部にする",
181,IT・Web （経験）大特集,"（火金12）新着総合
（月12）納品対策","┏━━━★期間限定特集★━━━━┓

◆スキルアップしながら長く働く！エンジニア経験者のためのIT・Web業界大特集◆
https://woman-type.jp/s/itweb/?utm_source=adm&utm_medium=email&utm_campaign=adm_pr_2 

┗━━━━━━━━━━━━━━━┛",2025/4/1(Tue),2025/5/12(Mon),終了,リード文の下にいれる,
182,WEPCP_生成AIを使うお仕事PR,(金11)今週の人気求人ランキング,"┏.+゜☆+.━━━━━━━━ ━.+゜☆+. ゜┓

◆未経験からスキルアップ！生成AIを使うお仕事特集
https://woman-type.jp/job-job-keyword/25036/f/?utm_source=adm&utm_medium=email&utm_campaign=adm_pr_15

┗.+゜☆+. ゜━ ━━━━━━━━.+゜☆+.┛",2025/5/16(Fri),2025/5/16(Fri),終了,リード文の下にいれる,
183,ウキフェア,"（火金12）新着総合
（水8）★求人特集(35歳未満) A
（日9）応募ランキング C　
　　※フェア終了後RPA戻し
（月12）納品対策","┏━━.+゜☆+.女の転職type 転職イベント━━━┓

7/5(土)12:00～18:00
東京国際フォーラムにて女性のための転職イベント開催！
QUOカードなどがもらえるプレゼント企画も！
https://woman-type.jp/s/event/?utm_source=fair_woman-type&utm_medium=email&utm_campaign=inner_wr_mail_boss_pr_250705

┗━━━━━━━━━━━━━━━ .+゜☆+.━━┛",25/5/16(金),25/7/4(金),終了,"リード文の下に入れる

※他のPRも差し込んでいる場合は
こちらのPRを最上部にする",
184,"関西大特集
アパレルコスメ大特集","（火金12）新着総合
（月12）納品対策","┏━━━★期間限定特集★━━━━┓

◆仕事もプライベートも充実！大阪エリアで働きたい人のための関西大特集◆
https://woman-type.jp/s/kansai/?utm_source=adm&utm_medium=email&utm_campaign=adm_pr_5

◆キレイもキャリアも手に入れる アパレル・コスメ・美容業界大特集◆
https://woman-type.jp/s/fashion/sp20160927/?utm_source=adm&utm_medium=email&utm_campaign=adm_pr_6

┗━━━━━━━━━━━━━━━┛",2025/5/13(Tue),2025/6/9(Mon),終了,リード文の下にいれる,
185,オンもオフも輝ける！営業大特集,"（火金12）新着総合
（月12）納品対策","┏━━━★期間限定特集★━━━━┓

◆オンもオフも輝ける！営業大特集◆
https://woman-type.jp/s/salessp/?utm_source=adm&utm_medium=email&utm_campaign=adm_pr_4

┗━━━━━━━━━━━━━━━┛",2025/6/10(Tue),2025/7/7(Mon),終了,リード文の下にいれる,
186,WTイベント,"エンジニア限定_単独求人メルマガ
超好条件_エンジニア","┏…『Woman type』よりオンラインイベントのお知らせ！初心者歓迎のプログラミング体験イベントを6/18(水)に開催…┓

★未経験から「リモートワークで稼ぐ力」を付けよう！参加無料
★女性向けプログラミングスクールのプログラムを体験できる！
★地方出身で「リモートワークで年収アップ」を実現した先輩たちによるトークイベントもあり◎
★オンラインなので全国から参加可能

「地元で働いているけれど、リモートワークでもう少し年収アップが望める仕事にキャリアチェンジしたい…」
「エンジニアの仕事に興味はあるけれど、実際どんな仕事なんだろう？」
「IT企業への応募を検討する前に、向いているかどうか確かめたい」

そんな方は、ぜひお気軽にエントリーください！
実際にお仕事体験をしてみるチャンスです。

▼詳細はこちらから
https://woman-type.jp/wt/feature/40265/?utm_source=email&utm_medium=wt&utm_campaign=185&routeway=91

＜本件に関するお問い合わせ先＞
Woman type編集部：wtinfo@type.jp

┗………………………………………………………………┛",2025/6/12(Thu),2025/6/16(Mon),終了,リード文の下にいれる,
187,"IT・Web （経験）大特集
販売サービス大特集","（火金12）新着総合
（月12）納品対策","┏━━━★期間限定特集★━━━━┓

◆スキルアップしながら長く働く！エンジニア経験者のためのIT・Web業界大特集◆
https://woman-type.jp/s/itweb/?utm_source=adm&utm_medium=email&utm_campaign=adm_pr_2

◆未経験でもチャレンジ可　実は魅力がたくさん！「サービス・販売系職種」大特集◆
https://woman-type.jp/s/service/?utm_source=adm&utm_medium=email&utm_campaign=adm_pr_3 

┗━━━━━━━━━━━━━━━┛",2025/7/8(Tue),2025/8/4(Mon),終了,リード文の下にいれる,
188,WTイベント,（月12）★納品対策,"┏…『Woman type』より無料イベントのお知らせ！妊活中の転職Q＆Aセミナー7/30(水)に開催…┓

★妊活中でも転職を諦めたくない！
★不妊治療と両立して働きやすい仕事・職場を見つけたい
★出産後も長く働ける仕事・職場を見つけたい
…etc

妊活と両立しながら転職を成功させるための具体的な方法を、
キャリアコンサルタントと企業の採用担当者が解説します。

妊活中のキャリアプランニングの考え方や、
ライフステージの変化があっても自分らしく長く働き続けていくための秘訣を知りたい方は
ぜひお気軽にエントリーください！


▼詳細はこちらから
https://woman-type.jp/wt/feature/40934/?utm_source=email&utm_medium=wt&utm_campaign=188

＜本件に関するお問い合わせ先＞
Woman type編集部：wtinfo@type.jp

┗………………………………………………………………┛",2025/7/21(Mon),2025/7/28(Mon),終了,"リード文の下にいれる
※他のPRも差し込んでいる場合は
こちらのPRを最下部にする",
189,"神奈川大特集
UIターン大特集","（火金12）新着総合
（月12）納品対策","┏━━━★期間限定特集★━━━━┓

◆愛される街！神奈川県の仕事特集◆
https://woman-type.jp/s/kanagawa/?utm_source=adm&utm_medium=email&utm_campaign=adm_pr_7

◆地方で働こう！Uターン、Iターン歓迎企業特集◆
https://woman-type.jp/s/region?utm_source=adm&utm_medium=email&utm_campaign=adm_pr_16

┗━━━━━━━━━━━━━━━┛",2025/8/5(Tue),2025/9/8(Mon),終了,リード文の下にいれる,
190,AP依頼,（金17）☆Womantype[全],"┏━━━ PR★ポジウィル主催の無料企画 ━━━┓

～キャリアに悩む20～30代女性におすすめ～
転職ありきではなく、「どう生きたいか？」からキャリアを考える
キャリアのパーソナルトレーニングを提供中！
自己分析～キャリア設計まで、専属トレーナーがマンツーマンで伴走。

まずは無料体験セッションからどうぞ！
▼詳細・無料体験のご予約はこちら▼
https://posiwill.jp/career/lp/light/?utm_medium=alliance&utm_source=cdc&utm_campaign=cl

┗━━━━━━━━━━━━━━━━━━━━━┛
",2025/8/22(Fri),2025/9/5(Fri),終了,"リード文の下にいれる
ポジウィルさんPR",
191,ウキフェア,"（火金12）新着総合
（水8）★求人特集(35歳未満) A
（日9）応募ランキング C　
　　※フェア終了後RPA戻し
（月12）納品対策","┏━━.+゜☆+.女の転職type 転職イベント━━━┓

10/18(土)12:00～18:00
渋谷ヒカリエにて女性のための転職イベント開催！
ギフト券がもらえるプレゼント企画も実施！
https://woman-type.jp/s/event/?utm_source=fair_woman-type&utm_medium=email&utm_campaign=inner_wr_mail_boss_pr_251018

┗━━━━━━━━━━━━━━━ .+゜☆+.━━┛",25/8/29(金),25/10/17(金),終了,"リード文の下に入れる

※他のPRも差し込んでいる場合は
こちらのPRを最上部にする",
192,介護・保育・医療・福祉大特集,"（火金12）新着総合
（月12）納品対策","┏━━━★期間限定特集★━━━━┓

◆手に職つけて社会に貢献！介護・保育・医療・福祉業界に関わる仕事特集◆
https://woman-type.jp/s/kaigosp/?utm_source=adm&utm_medium=email&utm_campaign=adm_pr_10

┗━━━━━━━━━━━━━━━┛",25/9/9(火),25/10/6(月),終了,"リード文の下に入れる

※他のPRも差し込んでいる場合は
こちらのPRを最上部にする",
193,"IT・Web （経験）大特集
販売サービス大特集","（火金12）新着総合
（月12）納品対策","┏━━━★期間限定特集★━━━━┓

◆スキルアップしながら長く働く！エンジニア経験者のためのIT・Web業界大特集◆
https://woman-type.jp/s/itweb/?utm_source=adm&utm_medium=email&utm_campaign=adm_pr_2

◆未経験でもチャレンジ可　実は魅力がたくさん！「サービス・販売系職種」大特集◆
https://woman-type.jp/s/service/?utm_source=adm&utm_medium=email&utm_campaign=adm_pr_3 

┗━━━━━━━━━━━━━━━┛",25/10/7(火),25/11/3(月),終了,"リード文の下に入れる

※他のPRも差し込んでいる場合は
こちらのPRを最上部にする",
194,ウキフェア大阪,"（火金12）新着総合_西日本
（木14）関西‗リモート×フレックス
（月19）関西‗超好条件_事務
（月14）☆関西","┏━━.+゜☆+.女の転職type 転職イベント━━━┓

11/29(土)12:00～18:00
グランフロント大阪にて女性のための転職イベント開催！
ギフト券がもらえるプレゼント企画も実施！
https://woman-type.jp/s/event/osaka/?utm_source=fair_woman-type&utm_medium=email&utm_campaign=inner_wr_mail_boss_pr_251129 

┗━━━━━━━━━━━━━━━ .+゜☆+.━━┛",25/10/25(土),25/11/29(土),終了,"リード文の下に入れる

※他のPRも差し込んでいる場合は
こちらのPRを最上部にする",
195,営業大特集,"（火金12）新着総合
（月12）納品対策","┏━━━★期間限定特集★━━━━┓

◆オンもオフも輝ける！営業大特集◆
https://woman-type.jp/s/salessp/?utm_source=adm&utm_medium=email&utm_campaign=adm_pr_4

┗━━━━━━━━━━━━━━━┛",25/11/4(火),25/12/1(月),終了,"リード文の下に入れる

※他のPRも差し込んでいる場合は
こちらのPRを最上部にする",
196, Woman type Meets! 告知,"（木16）エンジニア限定_単独求人メルマガ
（月19）超好条件_エンジニア","┏…『Woman type』より「リモートワークで自由な働き方を叶える」ためのオンラインイベントのお知らせ！★参加無料★…┓

★知識ゼロでOK！女性向けプログラミングスクールのプログラムを体験できる！
★地方出身で「リモートワークで年収アップ」を実現した先輩たちによるトークイベントもあり◎
★オンラインなので全国から参加可能

「地元で働いているけれど、リモートワークで自由度高く働ける仕事にキャリアチェンジしたい…」
「地元で働きながら年収アップできる仕事に転職したい！」
「エンジニアの仕事に興味はあるけれど、実際どんな仕事なんだろう？」
「IT企業への応募を検討する前に、向いているかどうか確かめたい」

そんな方は、ぜひお気軽にエントリーください！
実際にお仕事体験をしてみるチャンスです。

▼詳細はこちらから
https://woman-type.jp/wt/feature/42521/?utm_source=email&utm_medium=wt&utm_campaign=314&routeway=91

＜本件に関するお問い合わせ先＞
Woman type編集部：wtinfo@type.jp

┗………………………………………………………………┛",25/11/6(火),25/11/17(火),終了,リード文の下にいれる,
197,関西大特集,"（火金12）新着総合
（月12）納品対策","┏━━━★期間限定特集★━━━━┓

◆仕事もプライベートも充実！大阪エリアで働きたい人のための関西大特集◆
https://woman-type.jp/s/kansai/?utm_source=adm&utm_medium=email&utm_campaign=adm_pr_5

┗━━━━━━━━━━━━━━━┛",25/12/2(火),26/1/5(月),終了,"リード文の下に入れる

※他のPRも差し込んでいる場合は
こちらのPRを最上部にする",
198,ウキフェア,"（火金12）新着総合
（水8）★求人特集(35歳未満) A
（日9）応募ランキング C　
　　※フェア終了後RPA戻し
（月12）納品対策","┏━━.+゜☆+.女の転職type 転職イベント━━━┓

1/31(土)12:00～18:00
渋谷ヒカリエにて女性のための転職イベント開催！
ギフト券がもらえるプレゼント企画も実施！
https://woman-type.jp/s/event/?utm_source=fair_woman-type&utm_medium=email&utm_campaign=inner_wr_mail_boss_pr_260131

┗━━━━━━━━━━━━━━━ .+゜☆+.━━┛",25/12/5(金),26/1/30(金),終了,"リード文の下に入れる

※他のPRも差し込んでいる場合は
こちらのPRを最上部にする",
199,IT・Web （経験）大特集,"（火金12）新着総合
（月12）納品対策","┏━━━★期間限定特集★━━━━┓

◆スキルアップしながら長く働く！エンジニア経験者のためのIT・Web業界大特集◆
https://woman-type.jp/s/itweb/?utm_source=adm&utm_medium=email&utm_campaign=adm_pr_2

┗━━━━━━━━━━━━━━━┛",26/1/6(火),26/2/2(月),終了,"リード文の下に入れる

※他のPRも差し込んでいる場合は
こちらのPRを最上部にする",
200,"アパレルコスメ大特集
神奈川大特集","（火金12）新着総合
（月12）納品対策","┏━━━★期間限定特集★━━━━┓

◆キレイもキャリアも手に入れるアパレル･コスメ･美容業界大特集◆
https://woman-type.jp/s/fashion/sp20160927/?utm_source=adm&utm_medium=email&utm_campaign=adm_pr_6
◆愛される街！神奈川県の仕事特集◆
https://woman-type.jp/s/kanagawa/?utm_source=adm&utm_medium=email&utm_campaign=adm_pr_7

┗━━━━━━━━━━━━━━━┛",26/2/3(火),26/3/2(月),終了,"リード文の下に入れる

※他のPRも差し込んでいる場合は
こちらのPRを最上部にする",
201,オフィスワーク大特集,"（火金12）新着総合
（月12）納品対策","┏━━━★期間限定特集★━━━━┓

◆スキルをつけて長く働く！ねらい目のオフィスワーク特集◆
https://woman-type.jp/s/officework/?utm_source=adm&utm_medium=email&utm_campaign=adm_pr_8 

┗━━━━━━━━━━━━━━━┛",26/3/3(火),26/3/30(月),終了,"リード文の下に入れる

※他のPRも差し込んでいる場合は
こちらのPRを最上部にする",
202,IT・Web （経験）大特集,"（火金12）新着総合
（月12）納品対策","┏━━━★期間限定特集★━━━━┓

◆スキルアップしながら長く働く！エンジニア経験者のためのIT・Web業界大特集◆
https://woman-type.jp/s/itweb/?utm_source=adm&utm_medium=email&utm_campaign=adm_pr_2

┗━━━━━━━━━━━━━━━┛",26/3/31(火),26/4/27(月),,"リード文の下に入れる

※他のPRも差し込んでいる場合は
こちらのPRを最上部にする",
,,,,,,,,
,,,,,,,,
,,,,,,,,
,,,,,,,,
,,,,,,,,
,,,,,,,,
,,,,,,,,
,,,,,,,,
,,,,,,,,
,,,,,,,,
,,,,,,,,
,,,,,,,,
,,,,,,,,
,,,,,,,,
,,,,,,,,
,,,,,,,,
,,,,,,,,
,,,,,,,,
,,,,,,,,
,,,,,,,,
,,,,,,,,
,,,,,,,,
,,,,,,,,
,,,,,,,,
,,,,,,,,
,,,,,,,,
,,,,,,,,
,,,,,,,,
,,,,,,,,
,,,,,,,,
,,,,,,,,
,,,,,,,,
,,,,,,,,
,,,,,,,,
,,,,,,,,
,,,,,,,,
,,,,,,,,
,,,,,,,,
,,,,,,,,
,,,,,,,,
,,,,,,,,
,,,,,,,,
,,,,,,,,
,,,,,,,,
,,,,,,,,
,,,,,,,,
,,,,,,,,
,,,,,,,,
,,,,,,,,
,,,,,,,,
,,,,,,,,
,,,,,,,,
,,,,,,,,
,,,,,,,,
,,,,,,,,
,,,,,,,,
,,,,,,,,
,,,,,,,,
,,,,,,,,
,,,,,,,,
,,,,,,,,
,,,,,,,,
,,,,,,,,
,,,,,,,,
,,,,,,,,
,,,,,,,,
,,,,,,,,
,,,,,,,,
,,,,,,,,
,,,,,,,,
,,,,,,,,
,,,,,,,,
,,,,,,,,
,,,,,,,,
,,,,,,,,
,,,,,,,,
,,,,,,,,
,,,,,,,,
,,,,,,,,
,,,,,,,,
,,,,,,,,
,,,,,,,,
,,,,,,,,
,,,,,,,,
,,,,,,,,
,,,,,,,,
,,,,,,,,
,,,,,,,,
,,,,,,,,
,,,,,,,,
,,,,,,,,
,,,,,,,,
,,,,,,,,
,,,,,,,,
,,,,,,,,
,,,,,,,,
,,,,,,,,
,,,,,,,,
,,,,,,,,
,,,,,,,,
,,,,,,,,
,,,,,,,,
,,,,,,,,
,,,,,,,,
,,,,,,,,
,,,,,,,,
,,,,,,,,
,,,,,,,,
,,,,,,,,
,,,,,,,,
,,,,,,,,
,,,,,,,,
,,,,,,,,
,,,,,,,,
,,,,,,,,
,,,,,,,,
,,,,,,,,
,,,,,,,,
,,,,,,,,
,,,,,,,,
,,,,,,,,
,,,,,,,,
,,,,,,,,
,,,,,,,,
,,,,,,,,
,,,,,,,,
,,,,,,,,
,,,,,,,,
,,,,,,,,
,,,,,,,,
,,,,,,,,
,,,,,,,,
,,,,,,,,
,,,,,,,,
,,,,,,,,
,,,,,,,,
,,,,,,,,
,,,,,,,,
,,,,,,,,
,,,,,,,,
,,,,,,,,
,,,,,,,,
,,,,,,,,
,,,,,,,,
,,,,,,,,
,,,,,,,,
,,,,,,,,
,,,,,,,,
,,,,,,,,
,,,,,,,,
,,,,,,,,
,,,,,,,,
,,,,,,,,
,,,,,,,,
,,,,,,,,
,,,,,,,,
,,,,,,,,
,,,,,,,,
,,,,,,,,
,,,,,,,,
,,,,,,,,
,,,,,,,,
,,,,,,,,
,,,,,,,,
,,,,,,,,
,,,,,,,,
,,,,,,,,
,,,,,,,,
,,,,,,,,
,,,,,,,,
,,,,,,,,
,,,,,,,,
,,,,,,,,
,,,,,,,,
,,,,,,,,
,,,,,,,,
,,,,,,,,
,,,,,,,,
,,,,,,,,
,,,,,,,,
,,,,,,,,
,,,,,,,,
,,,,,,,,
,,,,,,,,
,,,,,,,,
,,,,,,,,
,,,,,,,,
,,,,,,,,
,,,,,,,,
,,,,,,,,
,,,,,,,,
,,,,,,,,
,,,,,,,,
,,,,,,,,
,,,,,,,,
,,,,,,,,
,,,,,,,,
,,,,,,,,
,,,,,,,,
,,,,,,,,
,,,,,,,,
,,,,,,,,
,,,,,,,,
,,,,,,,,
,,,,,,,,
,,,,,,,,
,,,,,,,,
,,,,,,,,
,,,,,,,,
,,,,,,,,
,,,,,,,,
,,,,,,,,
,,,,,,,,
,,,,,,,,
,,,,,,,,
,,,,,,,,
,,,,,,,,
,,,,,,,,
,,,,,,,,
,,,,,,,,
,,,,,,,,
,,,,,,,,
,,,,,,,,
,,,,,,,,
,,,,,,,,
,,,,,,,,
,,,,,,,,
,,,,,,,,
,,,,,,,,
,,,,,,,,
,,,,,,,,
,,,,,,,,
,,,,,,,,
,,,,,,,,
,,,,,,,,
,,,,,,,,
,,,,,,,,
,,,,,,,,
,,,,,,,,
,,,,,,,,
,,,,,,,,
,,,,,,,,
,,,,,,,,
,,,,,,,,
,,,,,,,,
,,,,,,,,
,,,,,,,,
,,,,,,,,
,,,,,,,,
,,,,,,,,
,,,,,,,,
,,,,,,,,
,,,,,,,,
,,,,,,,,
,,,,,,,,
,,,,,,,,
,,,,,,,,
,,,,,,,,
,,,,,,,,
,,,,,,,,
,,,,,,,,
,,,,,,,,
,,,,,,,,
,,,,,,,,
,,,,,,,,
,,,,,,,,
,,,,,,,,
,,,,,,,,
,,,,,,,,
,,,,,,,,
,,,,,,,,
,,,,,,,,
,,,,,,,,
,,,,,,,,
,,,,,,,,
,,,,,,,,
,,,,,,,,
,,,,,,,,
,,,,,,,,
,,,,,,,,
,,,,,,,,
,,,,,,,,
,,,,,,,,
,,,,,,,,
,,,,,,,,
,,,,,,,,
,,,,,,,,
,,,,,,,,
,,,,,,,,
,,,,,,,,
,,,,,,,,
,,,,,,,,
,,,,,,,,
,,,,,,,,
,,,,,,,,
,,,,,,,,
,,,,,,,,
,,,,,,,,
,,,,,,,,
,,,,,,,,
,,,,,,,,
,,,,,,,,
,,,,,,,,
,,,,,,,,
,,,,,,,,
,,,,,,,,
,,,,,,,,
,,,,,,,,
,,,,,,,,
,,,,,,,,
,,,,,,,,
,,,,,,,,
,,,,,,,,
,,,,,,,,
,,,,,,,,
,,,,,,,,
,,,,,,,,
,,,,,,,,
,,,,,,,,
,,,,,,,,
,,,,,,,,
,,,,,,,,
,,,,,,,,
,,,,,,,,
,,,,,,,,
,,,,,,,,
,,,,,,,,
,,,,,,,,
,,,,,,,,
,,,,,,,,
,,,,,,,,
,,,,,,,,
,,,,,,,,
,,,,,,,,
,,,,,,,,
,,,,,,,,
,,,,,,,,
,,,,,,,,
,,,,,,,,
,,,,,,,,
,,,,,,,,
,,,,,,,,
,,,,,,,,
,,,,,,,,
,,,,,,,,
,,,,,,,,
,,,,,,,,
,,,,,,,,
,,,,,,,,
,,,,,,,,
,,,,,,,,
,,,,,,,,
,,,,,,,,
,,,,,,,,
,,,,,,,,
,,,,,,,,
,,,,,,,,
,,,,,,,,
,,,,,,,,
,,,,,,,,
,,,,,,,,
,,,,,,,,
,,,,,,,,
,,,,,,,,
,,,,,,,,
,,,,,,,,
,,,,,,,,
,,,,,,,,
,,,,,,,,
,,,,,,,,
,,,,,,,,
,,,,,,,,
,,,,,,,,
,,,,,,,,
,,,,,,,,
,,,,,,,,
,,,,,,,,
,,,,,,,,
,,,,,,,,
,,,,,,,,
,,,,,,,,
,,,,,,,,
,,,,,,,,
,,,,,,,,
,,,,,,,,
,,,,,,,,
,,,,,,,,
,,,,,,,,
,,,,,,,,
,,,,,,,,
,,,,,,,,
,,,,,,,,
,,,,,,,,
,,,,,,,,
,,,,,,,,
,,,,,,,,
,,,,,,,,
,,,,,,,,
,,,,,,,,
,,,,,,,,
,,,,,,,,
,,,,,,,,
,,,,,,,,
,,,,,,,,
,,,,,,,,
,,,,,,,,
,,,,,,,,
,,,,,,,,
,,,,,,,,
,,,,,,,,
,,,,,,,,
,,,,,,,,
,,,,,,,,
,,,,,,,,
,,,,,,,,
,,,,,,,,
,,,,,,,,
,,,,,,,,
,,,,,,,,
,,,,,,,,
,,,,,,,,
,,,,,,,,
,,,,,,,,
,,,,,,,,
,,,,,,,,
,,,,,,,,
,,,,,,,,
,,,,,,,,
,,,,,,,,
,,,,,,,,
,,,,,,,,
,,,,,,,,
,,,,,,,,
,,,,,,,,
,,,,,,,,
,,,,,,,,
,,,,,,,,
,,,,,,,,
,,,,,,,,
,,,,,,,,
,,,,,,,,
,,,,,,,,
,,,,,,,,
,,,,,,,,
,,,,,,,,
,,,,,,,,
,,,,,,,,
,,,,,,,,
,,,,,,,,
,,,,,,,,
,,,,,,,,
,,,,,,,,
,,,,,,,,
,,,,,,,,
,,,,,,,,
,,,,,,,,
,,,,,,,,
,,,,,,,,
,,,,,,,,
,,,,,,,,
,,,,,,,,
,,,,,,,,
,,,,,,,,
,,,,,,,,
,,,,,,,,
,,,,,,,,
,,,,,,,,
,,,,,,,,
,,,,,,,,
,,,,,,,,
,,,,,,,,
,,,,,,,,
,,,,,,,,
,,,,,,,,
,,,,,,,,
,,,,,,,,
,,,,,,,,
,,,,,,,,
,,,,,,,,
,,,,,,,,
,,,,,,,,
,,,,,,,,
,,,,,,,,
,,,,,,,,
,,,,,,,,
,,,,,,,,
,,,,,,,,
,,,,,,,,
,,,,,,,,
,,,,,,,,
,,,,,,,,
,,,,,,,,
,,,,,,,,
,,,,,,,,
,,,,,,,,
,,,,,,,,
,,,,,,,,
,,,,,,,,
,,,,,,,,
,,,,,,,,
,,,,,,,,
,,,,,,,,
,,,,,,,,
,,,,,,,,
,,,,,,,,
,,,,,,,,
,,,,,,,,
,,,,,,,,
,,,,,,,,
,,,,,,,,
,,,,,,,,
,,,,,,,,
,,,,,,,,
,,,,,,,,
,,,,,,,,
,,,,,,,,
,,,,,,,,
,,,,,,,,
,,,,,,,,
,,,,,,,,
,,,,,,,,
,,,,,,,,
,,,,,,,,
,,,,,,,,
,,,,,,,,
,,,,,,,,
,,,,,,,,
,,,,,,,,
,,,,,,,,
,,,,,,,,
,,,,,,,,
,,,,,,,,
,,,,,,,,
,,,,,,,,
,,,,,,,,
,,,,,,,,
,,,,,,,,
,,,,,,,,
,,,,,,,,
,,,,,,,,
,,,,,,,,
,,,,,,,,
,,,,,,,,
,,,,,,,,
,,,,,,,,
,,,,,,,,
,,,,,,,,
,,,,,,,,
,,,,,,,,
,,,,,,,,
,,,,,,,,
,,,,,,,,
,,,,,,,,
,,,,,,,,
,,,,,,,,
,,,,,,,,
,,,,,,,,
,,,,,,,,
,,,,,,,,
,,,,,,,,
,,,,,,,,
,,,,,,,,
,,,,,,,,
,,,,,,,,
,,,,,,,,
,,,,,,,,
,,,,,,,,
,,,,,,,,
,,,,,,,,
,,,,,,,,
,,,,,,,,
,,,,,,,,
,,,,,,,,
,,,,,,,,
,,,,,,,,
,,,,,,,,
,,,,,,,,
,,,,,,,,
,,,,,,,,
,,,,,,,,
,,,,,,,,
,,,,,,,,
,,,,,,,,
,,,,,,,,
,,,,,,,,
,,,,,,,,
,,,,,,,,
,,,,,,,,
,,,,,,,,
,,,,,,,,
,,,,,,,,
,,,,,,,,
,,,,,,,,
,,,,,,,,
,,,,,,,,
,,,,,,,,
,,,,,,,,
,,,,,,,,
,,,,,,,,
,,,,,,,,
,,,,,,,,
,,,,,,,,
,,,,,,,,
,,,,,,,,
,,,,,,,,
,,,,,,,,
,,,,,,,,
,,,,,,,,
,,,,,,,,
,,,,,,,,
,,,,,,,,
,,,,,,,,
,,,,,,,,
,,,,,,,,
,,,,,,,,
,,,,,,,,
,,,,,,,,
,,,,,,,,
,,,,,,,,
,,,,,,,,
,,,,,,,,
,,,,,,,,
,,,,,,,,
,,,,,,,,
,,,,,,,,
,,,,,,,,
,,,,,,,,
,,,,,,,,
,,,,,,,,
,,,,,,,,
,,,,,,,,
,,,,,,,,
,,,,,,,,
,,,,,,,,
,,,,,,,,
,,,,,,,,
,,,,,,,,
,,,,,,,,
,,,,,,,,
,,,,,,,,
,,,,,,,,
,,,,,,,,
,,,,,,,,
,,,,,,,,
,,,,,,,,
,,,,,,,,
,,,,,,,,
,,,,,,,,
,,,,,,,,
,,,,,,,,
,,,,,,,,
,,,,,,,,
,,,,,,,,
,,,,,,,,
,,,,,,,,
,,,,,,,,
,,,,,,,,
,,,,,,,,
,,,,,,,,
,,,,,,,,
,,,,,,,,
,,,,,,,,
,,,,,,,,
,,,,,,,,
,,,,,,,,
,,,,,,,,
,,,,,,,,
,,,,,,,,
,,,,,,,,
,,,,,,,,
,,,,,,,,
,,,,,,,,
,,,,,,,,
,,,,,,,,
,,,,,,,,
,,,,,,,,
,,,,,,,,
,,,,,,,,
,,,,,,,,
,,,,,,,,
,,,,,,,,
,,,,,,,,
,,,,,,,,
,,,,,,,,
,,,,,,,,
,,,,,,,,
,,,,,,,,
,,,,,,,,
,,,,,,,,
,,,,,,,,
,,,,,,,,
,,,,,,,,
,,,,,,,,
,,,,,,,,
,,,,,,,,
,,,,,,,,
,,,,,,,,
,,,,,,,,
,,,,,,,,
,,,,,,,,
,,,,,,,,
,,,,,,,,
,,,,,,,,
,,,,,,,,
,,,,,,,,
,,,,,,,,
,,,,,,,,
,,,,,,,,
,,,,,,,,
,,,,,,,,
,,,,,,,,
,,,,,,,,
,,,,,,,,
,,,,,,,,
,,,,,,,,
,,,,,,,,
,,,,,,,,
,,,,,,,,
,,,,,,,,
,,,,,,,,
,,,,,,,,
,,,,,,,,
,,,,,,,,
,,,,,,,,
,,,,,,,,
,,,,,,,,
,,,,,,,,
,,,,,,,,
,,,,,,,,
,,,,,,,,
,,,,,,,,
,,,,,,,,
,,,,,,,,
,,,,,,,,
,,,,,,,,
,,,,,,,,
,,,,,,,,
,,,,,,,,
,,,,,,,,
,,,,,,,,
,,,,,,,,
,,,,,,,,
,,,,,,,,
,,,,,,,,
,,,,,,,,
,,,,,,,,
,,,,,,,,
,,,,,,,,
,,,,,,,,
,,,,,,,,
,,,,,,,,
,,,,,,,,
,,,,,,,,
,,,,,,,,
,,,,,,,,
,,,,,,,,
,,,,,,,,
,,,,,,,,
,,,,,,,,
,,,,,,,,
,,,,,,,,
,,,,,,,,
,,,,,,,,
,,,,,,,,
,,,,,,,,
,,,,,,,,
,,,,,,,,
,,,,,,,,
,,,,,,,,
,,,,,,,,
,,,,,,,,
,,,,,,,,
,,,,,,,,
,,,,,,,,
,,,,,,,,
,,,,,,,,
,,,,,,,,
,,,,,,,,
,,,,,,,,
,,,,,,,,
,,,,,,,,
,,,,,,,,
,,,,,,,,
,,,,,,,,
,,,,,,,,
,,,,,,,,
,,,,,,,,
,,,,,,,,
,,,,,,,,
,,,,,,,,
,,,,,,,,
,,,,,,,,
,,,,,,,,
,,,,,,,,
,,,,,,,,
,,,,,,,,
,,,,,,,,
,,,,,,,,
,,,,,,,,
,,,,,,,,
,,,,,,,,
,,,,,,,,
,,,,,,,,
,,,,,,,,
,,,,,,,,
,,,,,,,,
,,,,,,,,
,,,,,,,,
,,,,,,,,
,,,,,,,,
,,,,,,,,
,,,,,,,,
,,,,,,,,
,,,,,,,,
,,,,,,,,
,,,,,,,,
,,,,,,,,
,,,,,,,,
,,,,,,,,
,,,,,,,,
,,,,,,,,
,,,,,,,,
,,,,,,,,
,,,,,,,,
,,,,,,,,
,,,,,,,,
,,,,,,,,
,,,,,,,,
,,,,,,,,
,,,,,,,,
,,,,,,,,
,,,,,,,,
,,,,,,,,
,,,,,,,,
,,,,,,,,
,,,,,,,,
,,,,,,,,
,,,,,,,,
,,,,,,,,
,,,,,,,,
,,,,,,,,
,,,,,,,,
,,,,,,,,
,,,,,,,,
,,,,,,,,
,,,,,,,,
,,,,,,,,
,,,,,,,,
,,,,,,,,