日付,曜日,時間,メルマガ内容,通数,種別,設定者,確認者,備考
2026-04-14,火,15,ECサイト運用_未経験,0.7,隔週A,福,部,
2026-04-14,火,9,ランキング×WEBマーケティング,0.4,隔週A,部,石,
2026-04-14,火,17,引っ越し特典,2.3,隔週A,部,石,
2026-04-14,火,17,◇応募ランキング A,0.7,毎週配信,荒,平,
2026-04-14,火,12,★新着総合_首都圏 A,5,毎週配信,荒,平,
2026-04-14,火,12,★新着総合_西日本 A,2.9,毎週配信,荒,平,
2026-04-14,火,12,★新着総合_東海 A,1,毎週配信,荒,平,
2026-04-14,火,12,★新着総合_北海道・東北 A,0.8,毎週配信,荒,平,
2026-04-14,火,12,★新着総合_北関東・甲信越・北陸 A,0.7,毎週配信,荒,平,
2026-04-14,火,18,☆エンジニア_経験_首都圏版,0.1,毎週配信,部,内,
2026-04-14,火,18,☆エンジニア_未経験_首都圏版,0.4,毎週配信,部,内,
2026-04-14,火,16,35歳以上向け A,1,毎週配信,R,,
2026-04-14,火,19,35歳以上向け_関西 A,0.3,毎週配信,R,,
2026-04-14,火,19,40代ラスト転職,0.9,毎週配信,R,,
2026-04-14,火,19,TP部_営業_現住所,2,毎週配信,R,,
2026-04-14,火,21,WEB面接・コロナ対策,9.3,毎週配信,R,,
2026-04-14,火,19,フルリモート_全国_エンジニア,1.3,毎週配信,R,,
2026-04-14,火,19,フルリモート_全国_営業,1.8,毎週配信,R,,
2026-04-14,火,19,フルリモート_全国_事務,5.5,毎週配信,R,,
2026-04-14,火,9,ランキング_クリエイティブ（Web）_希望,0.5,毎週配信,R,,
2026-04-14,火,9,ランキング_営業（マーケ）_希望,0.5,毎週配信,R,,
2026-04-14,火,9,ランキング_事務（一般事務）_希望,1.5,毎週配信,R,,
2026-04-14,火,21,ランキング_事務（貿易事務）_希望,0.4,毎週配信,R,,
2026-04-14,火,16,育児両立_フレックス,0.6,毎週配信,R,,
2026-04-14,火,8,応募から1日_好条件営業ランキング,0.1,毎週配信,R,,
2026-04-14,火,21,応募から1日_好条件事務ランキング,0.1,毎週配信,R,,
2026-04-14,火,21,応募から3日会員,0.1,毎週配信,R,,
2026-04-14,火,8,快適な在宅ワーク,4.3,毎週配信,石,部,
2026-04-14,火,8,関西_自己PR不要_リモート未経験_事務,0.2,毎週配信,R,,
2026-04-14,火,15,好条件×業務委託,0.4,毎週配信,部,武,
2026-04-14,火,15,好条件×契約社員,1.2,毎週配信,R,,
2026-04-14,火,10,事務_販サ経験者向け_東京,0.4,毎週配信,R,,
2026-04-14,火,11,事務（経理）_希望,0.5,毎週配信,R,,
2026-04-14,火,8,推し活_残業なし_休日120日以上_月給30万以上,1.2,毎週配信,R,,
2026-04-14,火,17,仙台_リモートOK_未経験,0.2,毎週配信,R,,
2026-04-14,火,17,大阪_リモートOK_未経験,0.7,毎週配信,R,,
2026-04-14,火,17,単独求人訴求メルマガ_B,2.9,毎週配信,武,部,
2026-04-14,火,20,当日新規会員,0.1,毎週配信,荒,内,
2026-04-14,火,17,福岡_リモートOK_未経験,0.4,毎週配信,R,,
2026-04-14,火,14,福祉事務,1.2,毎週配信,R,,
2026-04-14,火,14,福祉事務_35歳以上,1,毎週配信,R,,
2026-04-14,火,19,未経験_研修・資格_事務系_関西,0.3,毎週配信,R,,
2026-04-14,火,19,未経験_研修・資格_事務系_首都圏,1.3,毎週配信,R,,
2026-04-14,火,14,未経験向け急募求人_クリエイティブ,0.5,毎週配信,R,,
2026-04-14,火,14,未経験向け急募求人_営業,0.5,毎週配信,R,,
2026-04-14,火,14,未経験向け急募求人_事務,1,毎週配信,R,,
2026-04-14,火,10,面接1回,1.5,毎週配信,R,,
2026-04-14,火,10,面接1回_35歳以上,1,毎週配信,R,,
2026-04-15,水,18,過去会員×フルリモート×未経験歓迎,8.5,隔週A,部,石,
2026-04-15,水,21,◇ウキにしか掲載していない求人,6.9,毎週配信,部,武,
2026-04-15,水,13,◇掲載終了前+UP A,2.5,毎週配信,平,内,
2026-04-15,水,13,◇掲載終了前+UP_35歳以上 A,1,毎週配信,平,内,
2026-04-15,水,13,◇掲載終了前+UP_関西 A,1,毎週配信,平,内,
2026-04-15,水,8,★求人特集(35歳未満) A,7,毎週配信,平,荒,
2026-04-15,水,18,☆営業_経験_首都圏版,0.1,毎週配信,部,荒,
2026-04-15,水,18,☆営業_未経験_首都圏版,0.3,毎週配信,部,荒,
2026-04-15,水,17,☆推進課,3,毎週配信,荒,平,
2026-04-15,水,17,☆推進課_35歳以上,1,毎週配信,荒,平,
2026-04-15,水,17,☆推進課_関西,1,毎週配信,荒,平,
2026-04-15,水,10,40代未経験_正社員,2.3,毎週配信,R,,
2026-04-15,水,8,50代事務,0.4,毎週配信,部,石,
2026-04-15,水,20,これから人気,1,毎週配信,R,,
2026-04-15,水,19,フルリモート×正社員,3,毎週配信,R,,
2026-04-15,水,20,ユニークな福利厚生制度_B,1.2,毎週配信,R,,
2026-04-15,水,9,ランキング_エンジニア（IT系）_希望,0.3,毎週配信,R,,
2026-04-15,水,9,ランキング_クリエイティブ（その他）_希望,0.4,毎週配信,R,,
2026-04-15,水,9,ランキング_営業（その他）_希望,0.4,毎週配信,R,,
2026-04-15,水,9,ランキング_事務（営業事務）_希望,1,毎週配信,R,,
2026-04-15,水,15,営業（コールセンター）_希望,0.2,毎週配信,R,,
2026-04-15,水,18,駅直結_事務,1.7,毎週配信,R,,
2026-04-15,水,8,応募から1日_好条件営業ランキング,0.1,毎週配信,R,,
2026-04-15,水,21,応募から1日_好条件事務ランキング,0.1,毎週配信,R,,
2026-04-15,水,21,応募から3日会員,0.1,毎週配信,R,,
2026-04-15,水,13,関西単独求人メルマガ_A,0.4,毎週配信,武,部,
2026-04-15,水,12,休日120日_就業中_関西,0.7,毎週配信,R,,
2026-04-15,水,12,休日120日_未就業,0.7,毎週配信,R,,
2026-04-15,水,17,掲載終了間近_人気求人ランキング,3.1,毎週配信,武,部,
2026-04-15,水,9,裁量労働制,1.1,毎週配信,R,,
2026-04-15,水,10,子育て支援,0.6,毎週配信,R,,
2026-04-15,水,15,事務（金融関連）_希望,0.3,毎週配信,R,,
2026-04-15,水,11,事務（総務・人事）_希望,1.1,毎週配信,R,,
2026-04-15,水,9,時短×リモート,0.6,毎週配信,R,,
2026-04-15,水,12,自己PR不要_リモート未経験_エンジニア,0.2,毎週配信,R,,
2026-04-15,水,12,自己PR不要_リモート未経験_営業,0.3,毎週配信,R,,
2026-04-15,水,12,自己PR不要_リモート未経験_事務,2.5,毎週配信,R,,
2026-04-15,水,12,自己PR不要_残業無_未経験_販サ,0.3,毎週配信,R,,
2026-04-15,水,10,趣味・興味メルマガ_A,1,毎週配信,R,,
2026-04-15,水,19,渋谷・恵比寿勤務_事務,1.2,毎週配信,R,,
2026-04-15,水,20,大手上場_35歳以上 A,1,毎週配信,R,,
2026-04-15,水,20,大手上場_関西 A,1,毎週配信,R,,
2026-04-15,水,20,大手上場_第二新卒 A,0.7,毎週配信,R,,
2026-04-15,水,15,転職回数不問,1.8,毎週配信,R,,
2026-04-15,水,20,当日新規会員,0.1,毎週配信,荒,内,
2026-04-15,水,21,年収UP_営業,0.6,毎週配信,R,,
2026-04-15,水,16,年収UP_関西,1,毎週配信,R,,
2026-04-15,水,21,年収UP_事務,1.5,毎週配信,R,,
2026-04-15,水,21,年収UP_販サ,0.6,毎週配信,R,,
2026-04-15,水,16,副業OK×リモート_ランキング,2.8,毎週配信,R,,
2026-04-15,水,19,未経験_研修・資格_エンジニア系_首都圏,0.3,毎週配信,R,,
2026-04-15,水,19,六本木勤務,2,毎週配信,R,,
2026-04-16,木,18,TP部_働きやすい企業特集,1.6,隔週A,武,部,
2026-04-16,木,19,埼玉_路線,0.7,隔週A,部,内,
2026-04-16,木,19,神奈川_路線,0.9,隔週A,部,内,
2026-04-16,木,19,千葉_路線,0.6,隔週A,部,内,
2026-04-16,木,19,大阪_路線,0.7,隔週A,部,内,
2026-04-16,木,19,東京_路線_事務,1,隔週A,部,内,
2026-04-16,木,13,☆TP部_事務_現住所,2.4,毎週配信,部,石,
2026-04-16,木,18,☆販サ_経験_35歳以上_首都圏版,0.1,毎週配信,部,平,
2026-04-16,木,18,☆販サ_経験_35歳以上_全国版,0.2,毎週配信,部,平,
2026-04-16,木,18,☆販サ_経験_首都圏版,0.2,毎週配信,部,平,
2026-04-16,木,18,☆販サ_経験_全国版,0.3,毎週配信,部,平,
2026-04-16,木,18,☆販サ_未経験_35歳以上_首都圏版,0.2,毎週配信,部,平,
2026-04-16,木,18,☆販サ_未経験_首都圏版,0.3,毎週配信,部,平,
2026-04-16,木,18,40代事務ランキング,0.4,毎週配信,石,部,
2026-04-16,木,16,エンジニア限定_単独求人メルマガ,0.5,毎週配信,武,部,
2026-04-16,木,11,クリエイティブ（Web）_希望,0.4,毎週配信,R,,
2026-04-16,木,11,コロナ禍_事務_首都圏,2.5,毎週配信,R,,
2026-04-16,木,10,フルリモートランキング,0.5,毎週配信,R,,
2026-04-16,木,9,ランキング_営業（BtoB）_希望,0.3,毎週配信,R,,
2026-04-16,木,9,ランキング_事務（秘書）_希望,0.9,毎週配信,R,,
2026-04-16,木,14,リモートワーク A_35歳以上,1.1,毎週配信,R,,
2026-04-16,木,15,営業（マーケ）_希望,0.4,毎週配信,R,,
2026-04-16,木,8,応募から1日_好条件営業ランキング,0.1,毎週配信,R,,
2026-04-16,木,21,応募から1日_好条件事務ランキング,0.1,毎週配信,R,,
2026-04-16,木,21,応募から3日会員,0.1,毎週配信,R,,
2026-04-16,木,12,応募ランキング B,3.5,毎週配信,R,,
2026-04-16,木,12,応募ランキングB_全国,3.4,毎週配信,R,,
2026-04-16,木,21,学歴不問×大手上場企業,1.3,毎週配信,R,,
2026-04-16,木,14,関西‗リモート×フレックス,1.2,毎週配信,部,武,
2026-04-16,木,9,関西限定求人特集,1.1,毎週配信,R,,
2026-04-16,木,12,丸の内・大手町・有楽町_残業少_事務,0.9,毎週配信,R,,
2026-04-16,木,10,経験活かせる_営業,0.6,毎週配信,R,,
2026-04-16,木,10,経験活かせる_事務,1.4,毎週配信,R,,
2026-04-16,木,12,資格活かせる_簿記,0.3,毎週配信,R,,
2026-04-16,木,15,事務（その他）_希望,0.4,毎週配信,R,,
2026-04-16,木,20,事務職 A,1.3,毎週配信,R,,
2026-04-16,木,20,事務職_35歳以上 A_ランキング,1,毎週配信,R,,
2026-04-16,木,20,事務職_関西 A,1,毎週配信,R,,
2026-04-16,木,20,首都圏_フルリモート_求人特集,3.9,毎週配信,R,,
2026-04-16,木,12,新規会員向け_自己PR不要_求人特集,0.2,毎週配信,R,,
2026-04-16,木,8,新着_クリエイティブ,0.4,毎週配信,R,,
2026-04-16,木,8,新着_企画営業,0.9,毎週配信,R,,
2026-04-16,木,8,新着_経理,0.5,毎週配信,R,,
2026-04-16,木,8,新着_事務,2.5,毎週配信,R,,
2026-04-16,木,8,新着_人事,0.6,毎週配信,R,,
2026-04-16,木,21,新働きやすさ_A,2,毎週配信,R,,
2026-04-16,木,21,新働きやすさ_A_関西,0.8,毎週配信,R,,
2026-04-16,木,17,単独求人訴求メルマガ_C,2.3,毎週配信,石,武,
2026-04-16,木,17,東海_リモート,0.6,毎週配信,R,,
2026-04-16,木,20,当日新規会員,0.1,毎週配信,荒,内,
2026-04-16,木,16,年休130日以上_残業10時間以下,2.1,毎週配信,R,,
2026-04-16,木,8,年収500万以上_未経験歓迎,0.6,毎週配信,R,,
2026-04-16,木,21,髪色・服装自由_事務,1.8,毎週配信,R,,
2026-04-16,木,10,副業OK,4.4,毎週配信,R,,
2026-04-16,木,20,未経験_研修・資格_クリエイティブ系_埼玉神奈川千葉,0.3,毎週配信,R,,
2026-04-16,木,20,未経験_研修・資格_クリエイティブ系_東京,0.3,毎週配信,R,,
2026-04-16,木,19,未経験エンジニア希望向け_首都圏,0.4,毎週配信,R,,
2026-04-17,金,20,２回目転職×称号,0.9,隔週A,部,石,
2026-04-17,金,19,TP部_リモート×未経験OKの求人特集,1.9,隔週A,部,石,
2026-04-17,金,13,外部人気求人ランキング,1.4,隔週A,石,部,
2026-04-17,金,12,★新着総合_首都圏 B,5,毎週配信,荒,平,
2026-04-17,金,12,★新着総合_西日本 B,2.9,毎週配信,荒,平,
2026-04-17,金,12,★新着総合_東海 B,1,毎週配信,荒,平,
2026-04-17,金,12,★新着総合_北海道・東北 B,0.8,毎週配信,荒,平,
2026-04-17,金,12,★新着総合_北関東・甲信越・北陸 B,0.7,毎週配信,荒,平,
2026-04-17,金,17,☆Womantype[全],5,毎週配信,内,平,
2026-04-17,金,9,40~60代活躍中,1.5,毎週配信,石,武,
2026-04-17,金,21,ウルトラ好条件,6.7,毎週配信,R,,
2026-04-17,金,11,クリエイティブ（その他）_希望,0.3,毎週配信,R,,
2026-04-17,金,8,データ入力×リモートOK,1.8,毎週配信,R,,
2026-04-17,金,14,フルリモート_全国,3.7,毎週配信,R,,
2026-04-17,金,8,フルリモート×好条件,5.7,毎週配信,部,石,
2026-04-17,金,9,ランキング_事務（経理）_希望,0.4,毎週配信,R,,
2026-04-17,金,15,リモート手当あり,4.7,毎週配信,R,,
2026-04-17,金,15,営業（その他）_希望,0.3,毎週配信,R,,
2026-04-17,金,8,応募から1日_好条件営業ランキング,0.1,毎週配信,R,,
2026-04-17,金,21,応募から1日_好条件事務ランキング,0.1,毎週配信,R,,
2026-04-17,金,21,応募から3日会員,0.1,毎週配信,R,,
2026-04-17,金,21,希望業種_人材サービス,0.5,毎週配信,R,,
2026-04-17,金,8,既婚者,0.4,毎週配信,R,,
2026-04-17,金,19,経験_アパレル・コスメ,0.2,毎週配信,R,,
2026-04-17,金,19,経験_一般事務,0.7,毎週配信,R,,
2026-04-17,金,19,経験_営業,0.6,毎週配信,R,,
2026-04-17,金,11,今週の人気求人ランキング,5.7,毎週配信,R,,
2026-04-17,金,20,残業したくない,2.1,毎週配信,R,,
2026-04-17,金,20,残業したくない_関西,0.7,毎週配信,R,,
2026-04-17,金,10,子育手当,0.6,毎週配信,R,,
2026-04-17,金,15,事務（医療事務）_希望,0.5,毎週配信,R,,
2026-04-17,金,11,事務（広報）_希望,0.5,毎週配信,R,,
2026-04-17,金,20,住宅手当あり_首都圏,1.8,毎週配信,R,,
2026-04-17,金,20,住宅手当あり_首都圏_35歳以上,1.4,毎週配信,R,,
2026-04-17,金,20,当日新規会員,0.1,毎週配信,荒,内,
2026-04-17,金,8,梅田で働く,0.8,毎週配信,R,,
2026-04-17,金,8,未婚者,0.4,毎週配信,R,,
2026-04-18,土,11,フレックス_ランキング,2,隔週A,石,福,
2026-04-18,土,17,京都市で働く,0.2,隔週A,部,武,
2026-04-18,土,17,熊本市で働く,0.1,隔週A,部,武,
2026-04-18,土,17,広島市で働く,0.1,隔週A,部,武,
2026-04-18,土,12,高層ビルで働く_首都圏,1.6,隔週A,部,石,
2026-04-18,土,12,高層ビルで働く_大阪,0.5,隔週A,部,石,
2026-04-18,土,19,美容業界×未経験歓迎,0.3,隔週A,部,石,
2026-04-18,土,8,★求人特集(35歳未満） B,7,毎週配信,平,荒,
2026-04-18,土,14,☆横浜,4,毎週配信,平,荒,
2026-04-18,土,16,☆救済メルマガ(UP10),4,毎週配信,平,荒,
2026-04-18,土,20,35歳以上向け B,1.1,毎週配信,R,,
2026-04-18,土,20,35歳以上向け_関西 B,0.3,毎週配信,R,,
2026-04-18,土,20,35歳未満_PV多い求人,1,毎週配信,R,,
2026-04-18,土,9,NPS取得アンケート,0.3,毎週配信,R,,
2026-04-18,土,19,フルリモート×未経験歓迎,6.7,毎週配信,R,,
2026-04-18,土,13,ランキング_営業（キャリアカウンセラー）_希望,0.3,毎週配信,R,,
2026-04-18,土,13,ランキング_事務（総務・人事）_希望,0.9,毎週配信,R,,
2026-04-18,土,8,応募から1日_好条件営業ランキング,0.1,毎週配信,R,,
2026-04-18,土,21,応募から1日_好条件事務ランキング,0.1,毎週配信,R,,
2026-04-18,土,21,応募から3日会員,0.1,毎週配信,R,,
2026-04-18,土,17,横浜駅で働く,1.2,毎週配信,R,,
2026-04-18,土,18,関西限定事務求人特集,0.6,毎週配信,R,,
2026-04-18,土,21,月給30万以上_ランキング,1.7,毎週配信,R,,
2026-04-18,土,21,検討中ランキング_クリエイティブ,0.3,毎週配信,R,,
2026-04-18,土,10,検討中ランキング_事務,0.9,毎週配信,R,,
2026-04-18,土,21,検討中ランキング_販サ,0.4,毎週配信,R,,
2026-04-18,土,17,札幌駅で働く,0.2,毎週配信,R,,
2026-04-18,土,21,事務（一般事務）_希望,1.3,毎週配信,R,,
2026-04-18,土,15,事務（貿易事務）_希望,0.4,毎週配信,R,,
2026-04-18,土,12,趣味・興味メルマガ_B,1,毎週配信,R,,
2026-04-18,土,18,賞与3ヶ月以上×リモート_ランキング,2.5,毎週配信,R,,
2026-04-18,土,17,新大阪駅・本町駅で働く,0.9,毎週配信,R,,
2026-04-18,土,17,仙台駅で働く,0.2,毎週配信,R,,
2026-04-18,土,17,大宮浦和で働く,0.8,毎週配信,R,,
2026-04-18,土,9,単独求人訴求メルマガ_A,2.1,毎週配信,武,部,
2026-04-18,土,20,当日新規会員,0.1,毎週配信,荒,内,
2026-04-18,土,17,博多区で働く,0.4,毎週配信,R,,
2026-04-18,土,15,販サ（フロント）_希望,0.3,毎週配信,R,,
2026-04-19,日,18,コスメ業界_希望,0.3,隔週A,部,石,
2026-04-19,日,13,関西_フルリモート_求人特集,1.6,隔週A,部,石,
2026-04-19,日,12,★ウキポリ[全],10,毎週配信,平,荒,
2026-04-19,日,17,☆IT派遣［全］,2.6,毎週配信,内,平,
2026-04-19,日,19,☆TP部メルマガ,1.3,毎週配信,荒,平,
2026-04-19,日,19,☆TP部メルマガ_未就業,0.5,毎週配信,荒,平,
2026-04-19,日,8,40代再就職,0.9,毎週配信,R,,
2026-04-19,日,8,40代再就職_関西,0.4,毎週配信,R,,
2026-04-19,日,9,これから人気×エンジニア,0.2,毎週配信,R,,
2026-04-19,日,9,これから人気×リモート,0.6,毎週配信,R,,
2026-04-19,日,9,これから人気×リモート×営業,0.3,毎週配信,R,,
2026-04-19,日,9,これから人気×販サ,0.2,毎週配信,R,,
2026-04-19,日,18,プライベート重視_35歳以上,0.9,毎週配信,R,,
2026-04-19,日,13,フルリモート_35歳以上,2.1,毎週配信,R,,
2026-04-19,日,19,ランキング_販サ（フロント）_希望,0.3,毎週配信,R,,
2026-04-19,日,21,リモート_ランキング,2.5,毎週配信,R,,
2026-04-19,日,20,異業種提案_事務,2.1,毎週配信,R,,
2026-04-19,日,8,応募から1日_好条件営業ランキング,0.1,毎週配信,R,,
2026-04-19,日,21,応募から1日_好条件事務ランキング,0.1,毎週配信,R,,
2026-04-19,日,21,応募から3日会員,0.1,毎週配信,R,,
2026-04-19,日,9,応募ランキング C,4.5,毎週配信,R,,
2026-04-19,日,11,関西単独求人メルマガ_B,0.7,毎週配信,武,部,
2026-04-19,日,18,月曜日はリモート×フレックスで働く,2.3,毎週配信,R,,
2026-04-19,日,10,語学を活かせる,0.4,毎週配信,R,,
2026-04-19,日,17,事務・営業職経験者向け,0.7,毎週配信,R,,
2026-04-19,日,11,事務（営業事務）_希望,1,毎週配信,R,,
2026-04-19,日,19,上場_営業経験,0.7,毎週配信,R,,
2026-04-19,日,19,上場_事務経験,1.9,毎週配信,R,,
2026-04-19,日,19,上場_販サ経験,1.4,毎週配信,R,,
2026-04-19,日,8,人気検索KW_事務系希望,0.6,毎週配信,R,,
2026-04-19,日,20,正社員_関西,1.6,毎週配信,R,,
2026-04-19,日,20,当日新規会員,0.1,毎週配信,荒,内,
2026-04-19,日,21,名駅・栄駅で働く,0.6,毎週配信,R,,
2026-04-20,月,19,超好条件_営業,0.9,隔週A,部,石,
2026-04-20,月,12,未経験OK_専門性の高い事務,1.4,隔週A,部,石,
2026-04-20,月,8,◇掲載終了前+UP_35歳以上 B,1,毎週配信,内,荒,
2026-04-20,月,8,◇掲載終了前+UP_関西 B,1,毎週配信,内,荒,
2026-04-20,月,12,★納品対策,7,毎週配信,平,荒,
2026-04-20,月,10,☆TP部_事務_希望地,3.6,毎週配信,部,石,
2026-04-20,月,14,☆関西,1.4,毎週配信,平,荒,
2026-04-20,月,14,☆東海,0.5,毎週配信,平,荒,
2026-04-20,月,20,36歳以上正社員求人,2,毎週配信,R,,
2026-04-20,月,8,webデザイナー×未経験歓迎_希望,0.6,毎週配信,R,,
2026-04-20,月,11,クリエイティブ総合ランキング,0.8,毎週配信,R,,
2026-04-20,月,21,フルフレックス,3.1,毎週配信,R,,
2026-04-20,月,15,ランキング_事務（医療事務）_希望,0.2,毎週配信,R,,
2026-04-20,月,9,ランキング_事務（広報）_希望,0.3,毎週配信,R,,
2026-04-20,月,13,リモートワーク B,2.4,毎週配信,R,,
2026-04-20,月,21,営業_カタカナ職業,0.8,毎週配信,R,,
2026-04-20,月,15,営業（キャリアカウンセラー）_希望,0.2,毎週配信,R,,
2026-04-20,月,8,応募から1日_好条件営業ランキング,0.1,毎週配信,R,,
2026-04-20,月,21,応募から1日_好条件事務ランキング,0.1,毎週配信,R,,
2026-04-20,月,21,応募から3日会員,0.1,毎週配信,R,,
2026-04-20,月,11,関西_未経験リモート_事務,0.7,毎週配信,R,,
2026-04-20,月,19,関西‗超好条件_事務,0.7,毎週配信,部,武,
2026-04-20,月,14,希望勤務地_埼玉,0.7,毎週配信,R,,
2026-04-20,月,14,希望勤務地_千葉,0.7,毎週配信,R,,
2026-04-20,月,14,希望勤務地_東京,1.9,毎週配信,R,,
2026-04-20,月,20,広報・マーケティング_リモート_未経験,1,毎週配信,R,,
2026-04-20,月,8,高収入_リモート_営業,1.2,毎週配信,R,,
2026-04-20,月,8,高収入_リモート_事務,3,毎週配信,R,,
2026-04-20,月,20,国認定企業,1.6,毎週配信,R,,
2026-04-20,月,18,事務_経験_35歳以上_首都圏版,0.1,毎週配信,R,,
2026-04-20,月,18,事務_未経験_35歳以上_首都圏版,0.1,毎週配信,R,,
2026-04-20,月,18,事務_未経験_休眠会員_首都圏版,1,毎週配信,R,,
2026-04-20,月,16,事務職 B,1.7,毎週配信,R,,
2026-04-20,月,16,事務職_35歳以上 B,3,毎週配信,R,,
2026-04-20,月,16,事務職_関西 B,1,毎週配信,R,,
2026-04-20,月,19,自己PR不要_35歳以上,0.4,毎週配信,R,,
2026-04-20,月,18,自己PR不要_フルリモート,2.2,毎週配信,R,,
2026-04-20,月,20,新規会員向け_フルリモート×未経験歓迎,0.4,毎週配信,R,,
2026-04-20,月,19,全国_超好条件_事務,1,毎週配信,R,,
2026-04-20,月,14,大手・上場企業×事務,1,毎週配信,R,,
2026-04-20,月,17,単独求人訴求メルマガ_C,3,毎週配信,石,武,
2026-04-20,月,18,中国地方で働く,0.2,毎週配信,R,,
2026-04-20,月,19,超好条件_エンジニア,0.4,毎週配信,部,石,
2026-04-20,月,9,直近新規登録会員向け,1.3,毎週配信,R,,
2026-04-20,月,20,当日新規会員,0.1,毎週配信,荒,内,
2026-04-20,月,9,年収600万円以上,0.3,毎週配信,R,,
2026-04-20,月,13,美容業界×事務_希望,0.3,毎週配信,R,,
2026-04-20,月,20,不動産×事務,0.2,毎週配信,R,,
2026-04-20,月,8,◇掲載終了前+UP B,2,毎週配信,内,荒,
2026-04-21,火,17,◇応募ランキング A,0.7,毎週配信,荒,平,
2026-04-21,火,12,★新着総合_首都圏 A,5,毎週配信,荒,平,
2026-04-21,火,12,★新着総合_西日本 A,2.9,毎週配信,荒,平,
2026-04-21,火,12,★新着総合_東海 A,1,毎週配信,荒,平,
2026-04-21,火,12,★新着総合_北海道・東北 A,0.8,毎週配信,荒,平,
2026-04-21,火,12,★新着総合_北関東・甲信越・北陸 A,0.7,毎週配信,荒,平,
2026-04-21,火,18,☆エンジニア_経験_首都圏版,0.1,毎週配信,部,内,
2026-04-21,火,18,☆エンジニア_未経験_首都圏版,0.4,毎週配信,部,内,
2026-04-21,火,16,35歳以上向け A,1,毎週配信,R,,
2026-04-21,火,19,35歳以上向け_関西 A,0.3,毎週配信,R,,
2026-04-21,火,19,40代ラスト転職,0.9,毎週配信,R,,
2026-04-21,火,19,TP部_営業_現住所,2,毎週配信,R,,
2026-04-21,火,21,WEB面接・コロナ対策,9.3,毎週配信,R,,
2026-04-21,火,19,フルリモート_全国_エンジニア,1.3,毎週配信,R,,
2026-04-21,火,19,フルリモート_全国_営業,1.8,毎週配信,R,,
2026-04-21,火,19,フルリモート_全国_事務,5.5,毎週配信,R,,
2026-04-21,火,9,ランキング_クリエイティブ（Web）_希望,0.5,毎週配信,R,,
2026-04-21,火,9,ランキング_営業（マーケ）_希望,0.5,毎週配信,R,,
2026-04-21,火,9,ランキング_事務（一般事務）_希望,1.5,毎週配信,R,,
2026-04-21,火,21,ランキング_事務（貿易事務）_希望,0.4,毎週配信,R,,
2026-04-21,火,16,育児両立_フレックス,0.6,毎週配信,R,,
2026-04-21,火,8,応募から1日_好条件営業ランキング,0.1,毎週配信,R,,
2026-04-21,火,21,応募から1日_好条件事務ランキング,0.1,毎週配信,R,,
2026-04-21,火,21,応募から3日会員,0.1,毎週配信,R,,
2026-04-21,火,8,快適な在宅ワーク,4.3,毎週配信,石,部,
2026-04-21,火,8,関西_自己PR不要_リモート未経験_事務,0.2,毎週配信,R,,
2026-04-21,火,15,好条件×業務委託,0.4,毎週配信,部,武,
2026-04-21,火,15,好条件×契約社員,1.2,毎週配信,R,,
2026-04-21,火,10,事務_販サ経験者向け_東京,0.4,毎週配信,R,,
2026-04-21,火,11,事務（経理）_希望,0.5,毎週配信,R,,
2026-04-21,火,8,推し活_残業なし_休日120日以上_月給30万以上,1.2,毎週配信,R,,
2026-04-21,火,17,仙台_リモートOK_未経験,0.2,毎週配信,R,,
2026-04-21,火,17,大阪_リモートOK_未経験,0.7,毎週配信,R,,
2026-04-21,火,17,単独求人訴求メルマガ_B,2.9,毎週配信,武,部,
2026-04-21,火,20,当日新規会員,0.1,毎週配信,荒,内,
2026-04-21,火,17,福岡_リモートOK_未経験,0.4,毎週配信,R,,
2026-04-21,火,14,福祉事務,1.2,毎週配信,R,,
2026-04-21,火,14,福祉事務_35歳以上,1,毎週配信,R,,
2026-04-21,火,19,未経験_研修・資格_事務系_関西,0.3,毎週配信,R,,
2026-04-21,火,19,未経験_研修・資格_事務系_首都圏,1.3,毎週配信,R,,
2026-04-21,火,14,未経験向け急募求人_クリエイティブ,0.5,毎週配信,R,,
2026-04-21,火,14,未経験向け急募求人_営業,0.5,毎週配信,R,,
2026-04-21,火,14,未経験向け急募求人_事務,1,毎週配信,R,,
2026-04-21,火,10,面接1回,1.5,毎週配信,R,,
2026-04-21,火,10,面接1回_35歳以上,1,毎週配信,R,,
2026-04-22,水,21,◇ウキにしか掲載していない求人,6.9,毎週配信,部,武,
2026-04-22,水,13,◇掲載終了前+UP A,2.5,毎週配信,平,内,
2026-04-22,水,13,◇掲載終了前+UP_35歳以上 A,1,毎週配信,平,内,
2026-04-22,水,13,◇掲載終了前+UP_関西 A,1,毎週配信,平,内,
2026-04-22,水,8,★求人特集(35歳未満) A,7,毎週配信,平,荒,
2026-04-22,水,18,☆営業_経験_首都圏版,0.1,毎週配信,部,荒,
2026-04-22,水,18,☆営業_未経験_首都圏版,0.3,毎週配信,部,荒,
2026-04-22,水,17,☆推進課,3,毎週配信,荒,平,
2026-04-22,水,17,☆推進課_35歳以上,1,毎週配信,荒,平,
2026-04-22,水,17,☆推進課_関西,1,毎週配信,荒,平,
2026-04-22,水,10,40代未経験_正社員,2.3,毎週配信,R,,
2026-04-22,水,8,50代事務,0.4,毎週配信,部,石,
2026-04-22,水,20,これから人気,1,毎週配信,R,,
2026-04-22,水,19,フルリモート×正社員,3,毎週配信,R,,
2026-04-22,水,20,ユニークな福利厚生制度_B,1.2,毎週配信,R,,
2026-04-22,水,9,ランキング_エンジニア（IT系）_希望,0.3,毎週配信,R,,
2026-04-22,水,9,ランキング_クリエイティブ（その他）_希望,0.4,毎週配信,R,,
2026-04-22,水,9,ランキング_営業（その他）_希望,0.4,毎週配信,R,,
2026-04-22,水,9,ランキング_事務（営業事務）_希望,1,毎週配信,R,,
2026-04-22,水,15,営業（コールセンター）_希望,0.2,毎週配信,R,,
2026-04-22,水,18,駅直結_事務,1.7,毎週配信,R,,
2026-04-22,水,8,応募から1日_好条件営業ランキング,0.1,毎週配信,R,,
2026-04-22,水,21,応募から1日_好条件事務ランキング,0.1,毎週配信,R,,
2026-04-22,水,21,応募から3日会員,0.1,毎週配信,R,,
2026-04-22,水,13,関西単独求人メルマガ_A,0.4,毎週配信,武,部,
2026-04-22,水,12,休日120日_就業中_関西,0.7,毎週配信,R,,
2026-04-22,水,12,休日120日_未就業,0.7,毎週配信,R,,
2026-04-22,水,17,掲載終了間近_人気求人ランキング,3.1,毎週配信,武,部,
2026-04-22,水,9,裁量労働制,1.1,毎週配信,R,,
2026-04-22,水,10,子育て支援,0.6,毎週配信,R,,
2026-04-22,水,15,事務（金融関連）_希望,0.3,毎週配信,R,,
2026-04-22,水,11,事務（総務・人事）_希望,1.1,毎週配信,R,,
2026-04-22,水,9,時短×リモート,0.6,毎週配信,R,,
2026-04-22,水,12,自己PR不要_リモート未経験_エンジニア,0.2,毎週配信,R,,
2026-04-22,水,12,自己PR不要_リモート未経験_営業,0.3,毎週配信,R,,
2026-04-22,水,12,自己PR不要_リモート未経験_事務,2.5,毎週配信,R,,
2026-04-22,水,12,自己PR不要_残業無_未経験_販サ,0.3,毎週配信,R,,
2026-04-22,水,10,趣味・興味メルマガ_A,1,毎週配信,R,,
2026-04-22,水,19,渋谷・恵比寿勤務_事務,1.2,毎週配信,R,,
2026-04-22,水,20,大手上場_35歳以上 A,1,毎週配信,R,,
2026-04-22,水,20,大手上場_関西 A,1,毎週配信,R,,
2026-04-22,水,20,大手上場_第二新卒 A,0.7,毎週配信,R,,
2026-04-22,水,15,転職回数不問,1.8,毎週配信,R,,
2026-04-22,水,20,当日新規会員,0.1,毎週配信,荒,内,
2026-04-22,水,21,年収UP_営業,0.6,毎週配信,R,,
2026-04-22,水,16,年収UP_関西,1,毎週配信,R,,
2026-04-22,水,21,年収UP_事務,1.5,毎週配信,R,,
2026-04-22,水,21,年収UP_販サ,0.6,毎週配信,R,,
2026-04-22,水,16,副業OK×リモート_ランキング,2.8,毎週配信,R,,
2026-04-22,水,19,未経験_研修・資格_エンジニア系_首都圏,0.3,毎週配信,R,,
2026-04-22,水,19,六本木勤務,2,毎週配信,R,,
2026-04-23,木,13,☆TP部_事務_現住所,2.4,毎週配信,部,石,
2026-04-23,木,18,☆販サ_経験_35歳以上_首都圏版,0.1,毎週配信,部,平,
2026-04-23,木,18,☆販サ_経験_35歳以上_全国版,0.2,毎週配信,部,平,
2026-04-23,木,18,☆販サ_経験_首都圏版,0.2,毎週配信,部,平,
2026-04-23,木,18,☆販サ_経験_全国版,0.3,毎週配信,部,平,
2026-04-23,木,18,☆販サ_未経験_35歳以上_首都圏版,0.2,毎週配信,部,平,
2026-04-23,木,18,☆販サ_未経験_首都圏版,0.3,毎週配信,部,平,
2026-04-23,木,18,40代事務ランキング,0.4,毎週配信,石,部,
2026-04-23,木,16,エンジニア限定_単独求人メルマガ,0.5,毎週配信,武,部,
2026-04-23,木,11,クリエイティブ（Web）_希望,0.4,毎週配信,R,,
2026-04-23,木,11,コロナ禍_事務_首都圏,2.5,毎週配信,R,,
2026-04-23,木,10,フルリモートランキング,0.5,毎週配信,R,,
2026-04-23,木,9,ランキング_営業（BtoB）_希望,0.3,毎週配信,R,,
2026-04-23,木,9,ランキング_事務（秘書）_希望,0.9,毎週配信,R,,
2026-04-23,木,14,リモートワーク A_35歳以上,1.1,毎週配信,R,,
2026-04-23,木,15,営業（マーケ）_希望,0.4,毎週配信,R,,
2026-04-23,木,8,応募から1日_好条件営業ランキング,0.1,毎週配信,R,,
2026-04-23,木,21,応募から1日_好条件事務ランキング,0.1,毎週配信,R,,
2026-04-23,木,21,応募から3日会員,0.1,毎週配信,R,,
2026-04-23,木,12,応募ランキング B,3.5,毎週配信,R,,
2026-04-23,木,12,応募ランキングB_全国,3.4,毎週配信,R,,
2026-04-23,木,21,学歴不問×大手上場企業,1.3,毎週配信,R,,
2026-04-23,木,14,関西‗リモート×フレックス,1.2,毎週配信,部,武,
2026-04-23,木,9,関西限定求人特集,1.1,毎週配信,R,,
2026-04-23,木,12,丸の内・大手町・有楽町_残業少_事務,0.9,毎週配信,R,,
2026-04-23,木,10,経験活かせる_営業,0.6,毎週配信,R,,
2026-04-23,木,10,経験活かせる_事務,1.4,毎週配信,R,,
2026-04-23,木,12,資格活かせる_簿記,0.3,毎週配信,R,,
2026-04-23,木,15,事務（その他）_希望,0.4,毎週配信,R,,
2026-04-23,木,20,事務職 A,1.3,毎週配信,R,,
2026-04-23,木,20,事務職_35歳以上 A_ランキング,1,毎週配信,R,,
2026-04-23,木,20,事務職_関西 A,1,毎週配信,R,,
2026-04-23,木,20,首都圏_フルリモート_求人特集,3.9,毎週配信,R,,
2026-04-23,木,12,新規会員向け_自己PR不要_求人特集,0.2,毎週配信,R,,
2026-04-23,木,8,新着_クリエイティブ,0.4,毎週配信,R,,
2026-04-23,木,8,新着_企画営業,0.9,毎週配信,R,,
2026-04-23,木,8,新着_経理,0.5,毎週配信,R,,
2026-04-23,木,8,新着_事務,2.5,毎週配信,R,,
2026-04-23,木,8,新着_人事,0.6,毎週配信,R,,
2026-04-23,木,21,新働きやすさ_A,2,毎週配信,R,,
2026-04-23,木,21,新働きやすさ_A_関西,0.8,毎週配信,R,,
2026-04-23,木,17,単独求人訴求メルマガ_C,2.3,毎週配信,石,武,
2026-04-23,木,17,東海_リモート,0.6,毎週配信,R,,
2026-04-23,木,20,当日新規会員,0.1,毎週配信,荒,内,
2026-04-23,木,16,年休130日以上_残業10時間以下,2.1,毎週配信,R,,
2026-04-23,木,8,年収500万以上_未経験歓迎,0.6,毎週配信,R,,
2026-04-23,木,21,髪色・服装自由_事務,1.8,毎週配信,R,,
2026-04-23,木,10,副業OK,4.4,毎週配信,R,,
2026-04-23,木,20,未経験_研修・資格_クリエイティブ系_埼玉神奈川千葉,0.3,毎週配信,R,,
2026-04-23,木,20,未経験_研修・資格_クリエイティブ系_東京,0.3,毎週配信,R,,
2026-04-23,木,19,未経験エンジニア希望向け_首都圏,0.4,毎週配信,R,,
2026-04-24,金,12,★新着総合_首都圏 B,5,毎週配信,荒,平,
2026-04-24,金,12,★新着総合_西日本 B,2.9,毎週配信,荒,平,
2026-04-24,金,12,★新着総合_東海 B,1,毎週配信,荒,平,
2026-04-24,金,12,★新着総合_北海道・東北 B,0.8,毎週配信,荒,平,
2026-04-24,金,12,★新着総合_北関東・甲信越・北陸 B,0.7,毎週配信,荒,平,
2026-04-24,金,17,☆Womantype[全],5,毎週配信,内,平,
2026-04-24,金,9,40~60代活躍中,1.5,毎週配信,石,武,
2026-04-24,金,21,ウルトラ好条件,6.7,毎週配信,R,,
2026-04-24,金,11,クリエイティブ（その他）_希望,0.3,毎週配信,R,,
2026-04-24,金,8,データ入力×リモートOK,1.8,毎週配信,R,,
2026-04-24,金,14,フルリモート_全国,3.7,毎週配信,R,,
2026-04-24,金,8,フルリモート×好条件,5.7,毎週配信,部,石,
2026-04-24,金,9,ランキング_事務（経理）_希望,0.4,毎週配信,R,,
2026-04-24,金,15,リモート手当あり,4.7,毎週配信,R,,
2026-04-24,金,15,営業（その他）_希望,0.3,毎週配信,R,,
2026-04-24,金,8,応募から1日_好条件営業ランキング,0.1,毎週配信,R,,
2026-04-24,金,21,応募から1日_好条件事務ランキング,0.1,毎週配信,R,,
2026-04-24,金,21,応募から3日会員,0.1,毎週配信,R,,
2026-04-24,金,21,希望業種_人材サービス,0.5,毎週配信,R,,
2026-04-24,金,8,既婚者,0.4,毎週配信,R,,
2026-04-24,金,19,経験_アパレル・コスメ,0.2,毎週配信,R,,
2026-04-24,金,19,経験_一般事務,0.7,毎週配信,R,,
2026-04-24,金,19,経験_営業,0.6,毎週配信,R,,
2026-04-24,金,11,今週の人気求人ランキング,5.7,毎週配信,R,,
2026-04-24,金,20,残業したくない,2.1,毎週配信,R,,
2026-04-24,金,20,残業したくない_関西,0.7,毎週配信,R,,
2026-04-24,金,10,子育手当,0.6,毎週配信,R,,
2026-04-24,金,15,事務（医療事務）_希望,0.5,毎週配信,R,,
2026-04-24,金,11,事務（広報）_希望,0.5,毎週配信,R,,
2026-04-24,金,20,住宅手当あり_首都圏,1.8,毎週配信,R,,
2026-04-24,金,20,住宅手当あり_首都圏_35歳以上,1.4,毎週配信,R,,
2026-04-24,金,20,当日新規会員,0.1,毎週配信,荒,内,
2026-04-24,金,8,梅田で働く,0.8,毎週配信,R,,
2026-04-24,金,8,未婚者,0.4,毎週配信,R,,
2026-04-25,土,8,★求人特集(35歳未満） B,7,毎週配信,平,荒,
2026-04-25,土,14,☆横浜,4,毎週配信,平,荒,
2026-04-25,土,16,☆救済メルマガ(UP10),4,毎週配信,平,荒,
2026-04-25,土,20,35歳以上向け B,1.1,毎週配信,R,,
2026-04-25,土,20,35歳以上向け_関西 B,0.3,毎週配信,R,,
2026-04-25,土,20,35歳未満_PV多い求人,1,毎週配信,R,,
2026-04-25,土,9,NPS取得アンケート,0.3,毎週配信,R,,
2026-04-25,土,19,フルリモート×未経験歓迎,6.7,毎週配信,R,,
2026-04-25,土,13,ランキング_営業（キャリアカウンセラー）_希望,0.3,毎週配信,R,,
2026-04-25,土,13,ランキング_事務（総務・人事）_希望,0.9,毎週配信,R,,
2026-04-25,土,8,応募から1日_好条件営業ランキング,0.1,毎週配信,R,,
2026-04-25,土,21,応募から1日_好条件事務ランキング,0.1,毎週配信,R,,
2026-04-25,土,21,応募から3日会員,0.1,毎週配信,R,,
2026-04-25,土,17,横浜駅で働く,1.2,毎週配信,R,,
2026-04-25,土,18,関西限定事務求人特集,0.6,毎週配信,R,,
2026-04-25,土,21,月給30万以上_ランキング,1.7,毎週配信,R,,
2026-04-25,土,21,検討中ランキング_クリエイティブ,0.3,毎週配信,R,,
2026-04-25,土,10,検討中ランキング_事務,0.9,毎週配信,R,,
2026-04-25,土,21,検討中ランキング_販サ,0.4,毎週配信,R,,
2026-04-25,土,17,札幌駅で働く,0.2,毎週配信,R,,
2026-04-25,土,21,事務（一般事務）_希望,1.3,毎週配信,R,,
2026-04-25,土,15,事務（貿易事務）_希望,0.4,毎週配信,R,,
2026-04-25,土,12,趣味・興味メルマガ_B,1,毎週配信,R,,
2026-04-25,土,18,賞与3ヶ月以上×リモート_ランキング,2.5,毎週配信,R,,
2026-04-25,土,17,新大阪駅・本町駅で働く,0.9,毎週配信,R,,
2026-04-25,土,17,仙台駅で働く,0.2,毎週配信,R,,
2026-04-25,土,17,大宮浦和で働く,0.8,毎週配信,R,,
2026-04-25,土,9,単独求人訴求メルマガ_A,2.1,毎週配信,武,部,
2026-04-25,土,20,当日新規会員,0.1,毎週配信,荒,内,
2026-04-25,土,17,博多区で働く,0.4,毎週配信,R,,
2026-04-25,土,15,販サ（フロント）_希望,0.3,毎週配信,R,,
2026-04-26,日,12,★ウキポリ[全],10,毎週配信,平,荒,
2026-04-26,日,17,☆IT派遣［全］,2.6,毎週配信,内,平,
2026-04-26,日,19,☆TP部メルマガ,1.3,毎週配信,荒,平,
2026-04-26,日,19,☆TP部メルマガ_未就業,0.5,毎週配信,荒,平,
2026-04-26,日,8,40代再就職,0.9,毎週配信,R,,
2026-04-26,日,8,40代再就職_関西,0.4,毎週配信,R,,
2026-04-26,日,9,これから人気×エンジニア,0.2,毎週配信,R,,
2026-04-26,日,9,これから人気×リモート,0.6,毎週配信,R,,
2026-04-26,日,9,これから人気×リモート×営業,0.3,毎週配信,R,,
2026-04-26,日,9,これから人気×販サ,0.2,毎週配信,R,,
2026-04-26,日,18,プライベート重視_35歳以上,0.9,毎週配信,R,,
2026-04-26,日,13,フルリモート_35歳以上,2.1,毎週配信,R,,
2026-04-26,日,19,ランキング_販サ（フロント）_希望,0.3,毎週配信,R,,
2026-04-26,日,21,リモート_ランキング,2.5,毎週配信,R,,
2026-04-26,日,20,異業種提案_事務,2.1,毎週配信,R,,
2026-04-26,日,8,応募から1日_好条件営業ランキング,0.1,毎週配信,R,,
2026-04-26,日,21,応募から1日_好条件事務ランキング,0.1,毎週配信,R,,
2026-04-26,日,21,応募から3日会員,0.1,毎週配信,R,,
2026-04-26,日,9,応募ランキング C,4.5,毎週配信,R,,
2026-04-26,日,11,関西単独求人メルマガ_B,0.7,毎週配信,武,部,
2026-04-26,日,18,月曜日はリモート×フレックスで働く,2.3,毎週配信,R,,
2026-04-26,日,10,語学を活かせる,0.4,毎週配信,R,,
2026-04-26,日,17,事務・営業職経験者向け,0.7,毎週配信,R,,
2026-04-26,日,11,事務（営業事務）_希望,1,毎週配信,R,,
2026-04-26,日,19,上場_営業経験,0.7,毎週配信,R,,
2026-04-26,日,19,上場_事務経験,1.9,毎週配信,R,,
2026-04-26,日,19,上場_販サ経験,1.4,毎週配信,R,,
2026-04-26,日,8,人気検索KW_事務系希望,0.6,毎週配信,R,,
2026-04-26,日,20,正社員_関西,1.6,毎週配信,R,,
2026-04-26,日,20,当日新規会員,0.1,毎週配信,荒,内,
2026-04-26,日,21,名駅・栄駅で働く,0.6,毎週配信,R,,
2026-04-27,月,8,◇掲載終了前+UP_35歳以上 B,1,毎週配信,内,荒,
2026-04-27,月,8,◇掲載終了前+UP_関西 B,1,毎週配信,内,荒,
2026-04-27,月,12,★納品対策,7,毎週配信,平,荒,
2026-04-27,月,10,☆TP部_事務_希望地,3.6,毎週配信,部,石,
2026-04-27,月,14,☆関西,1.4,毎週配信,平,荒,
2026-04-27,月,14,☆東海,0.5,毎週配信,平,荒,
2026-04-27,月,20,36歳以上正社員求人,2,毎週配信,R,,
2026-04-27,月,8,webデザイナー×未経験歓迎_希望,0.6,毎週配信,R,,
2026-04-27,月,11,クリエイティブ総合ランキング,0.8,毎週配信,R,,
2026-04-27,月,21,フルフレックス,3.1,毎週配信,R,,
2026-04-27,月,15,ランキング_事務（医療事務）_希望,0.2,毎週配信,R,,
2026-04-27,月,9,ランキング_事務（広報）_希望,0.3,毎週配信,R,,
2026-04-27,月,13,リモートワーク B,2.4,毎週配信,R,,
2026-04-27,月,21,営業_カタカナ職業,0.8,毎週配信,R,,
2026-04-27,月,15,営業（キャリアカウンセラー）_希望,0.2,毎週配信,R,,
2026-04-27,月,8,応募から1日_好条件営業ランキング,0.1,毎週配信,R,,
2026-04-27,月,21,応募から1日_好条件事務ランキング,0.1,毎週配信,R,,
2026-04-27,月,21,応募から3日会員,0.1,毎週配信,R,,
2026-04-27,月,11,関西_未経験リモート_事務,0.7,毎週配信,R,,
2026-04-27,月,19,関西‗超好条件_事務,0.7,毎週配信,部,武,
2026-04-27,月,14,希望勤務地_埼玉,0.7,毎週配信,R,,
2026-04-27,月,14,希望勤務地_千葉,0.7,毎週配信,R,,
2026-04-27,月,14,希望勤務地_東京,1.9,毎週配信,R,,
2026-04-27,月,20,広報・マーケティング_リモート_未経験,1,毎週配信,R,,
2026-04-27,月,8,高収入_リモート_営業,1.2,毎週配信,R,,
2026-04-27,月,8,高収入_リモート_事務,3,毎週配信,R,,
2026-04-27,月,20,国認定企業,1.6,毎週配信,R,,
2026-04-27,月,18,事務_経験_35歳以上_首都圏版,0.1,毎週配信,R,,
2026-04-27,月,18,事務_未経験_35歳以上_首都圏版,0.1,毎週配信,R,,
2026-04-27,月,18,事務_未経験_休眠会員_首都圏版,1,毎週配信,R,,
2026-04-27,月,16,事務職 B,1.7,毎週配信,R,,
2026-04-27,月,16,事務職_35歳以上 B,3,毎週配信,R,,
2026-04-27,月,16,事務職_関西 B,1,毎週配信,R,,
2026-04-27,月,19,自己PR不要_35歳以上,0.4,毎週配信,R,,
2026-04-27,月,18,自己PR不要_フルリモート,2.2,毎週配信,R,,
2026-04-27,月,20,新規会員向け_フルリモート×未経験歓迎,0.4,毎週配信,R,,
2026-04-27,月,19,全国_超好条件_事務,1,毎週配信,R,,
2026-04-27,月,14,大手・上場企業×事務,1,毎週配信,R,,
2026-04-27,月,17,単独求人訴求メルマガ_C,3,毎週配信,石,武,
2026-04-27,月,18,中国地方で働く,0.2,毎週配信,R,,
2026-04-27,月,19,超好条件_エンジニア,0.4,毎週配信,部,石,
2026-04-27,月,9,直近新規登録会員向け,1.3,毎週配信,R,,
2026-04-27,月,20,当日新規会員,0.1,毎週配信,荒,内,
2026-04-27,月,9,年収600万円以上,0.3,毎週配信,R,,
2026-04-27,月,13,美容業界×事務_希望,0.3,毎週配信,R,,
2026-04-27,月,20,不動産×事務,0.2,毎週配信,R,,
2026-04-27,月,8,◇掲載終了前+UP B,2,毎週配信,内,荒,
2026-04-28,火,15,ECサイト運用_未経験,0.7,隔週A,福,部,
2026-04-28,火,9,ランキング×WEBマーケティング,0.4,隔週A,部,石,
2026-04-28,火,17,引っ越し特典,2.3,隔週A,部,石,
2026-04-28,火,17,◇応募ランキング A,0.7,毎週配信,荒,平,
2026-04-28,火,12,★新着総合_首都圏 A,5,毎週配信,荒,平,
2026-04-28,火,12,★新着総合_西日本 A,2.9,毎週配信,荒,平,
2026-04-28,火,12,★新着総合_東海 A,1,毎週配信,荒,平,
2026-04-28,火,12,★新着総合_北海道・東北 A,0.8,毎週配信,荒,平,
2026-04-28,火,12,★新着総合_北関東・甲信越・北陸 A,0.7,毎週配信,荒,平,
2026-04-28,火,18,☆エンジニア_経験_首都圏版,0.1,毎週配信,部,内,
2026-04-28,火,18,☆エンジニア_未経験_首都圏版,0.4,毎週配信,部,内,
2026-04-28,火,16,35歳以上向け A,1,毎週配信,R,,
2026-04-28,火,19,35歳以上向け_関西 A,0.3,毎週配信,R,,
2026-04-28,火,19,40代ラスト転職,0.9,毎週配信,R,,
2026-04-28,火,19,TP部_営業_現住所,2,毎週配信,R,,
2026-04-28,火,21,WEB面接・コロナ対策,9.3,毎週配信,R,,
2026-04-28,火,19,フルリモート_全国_エンジニア,1.3,毎週配信,R,,
2026-04-28,火,19,フルリモート_全国_営業,1.8,毎週配信,R,,
2026-04-28,火,19,フルリモート_全国_事務,5.5,毎週配信,R,,
2026-04-28,火,9,ランキング_クリエイティブ（Web）_希望,0.5,毎週配信,R,,
2026-04-28,火,9,ランキング_営業（マーケ）_希望,0.5,毎週配信,R,,
2026-04-28,火,9,ランキング_事務（一般事務）_希望,1.5,毎週配信,R,,
2026-04-28,火,21,ランキング_事務（貿易事務）_希望,0.4,毎週配信,R,,
2026-04-28,火,16,育児両立_フレックス,0.6,毎週配信,R,,
2026-04-28,火,8,応募から1日_好条件営業ランキング,0.1,毎週配信,R,,
2026-04-28,火,21,応募から1日_好条件事務ランキング,0.1,毎週配信,R,,
2026-04-28,火,21,応募から3日会員,0.1,毎週配信,R,,
2026-04-28,火,8,快適な在宅ワーク,4.3,毎週配信,石,部,
2026-04-28,火,8,関西_自己PR不要_リモート未経験_事務,0.2,毎週配信,R,,
2026-04-28,火,15,好条件×業務委託,0.4,毎週配信,部,武,
2026-04-28,火,15,好条件×契約社員,1.2,毎週配信,R,,
2026-04-28,火,10,事務_販サ経験者向け_東京,0.4,毎週配信,R,,
2026-04-28,火,11,事務（経理）_希望,0.5,毎週配信,R,,
2026-04-28,火,8,推し活_残業なし_休日120日以上_月給30万以上,1.2,毎週配信,R,,
2026-04-28,火,17,仙台_リモートOK_未経験,0.2,毎週配信,R,,
2026-04-28,火,17,大阪_リモートOK_未経験,0.7,毎週配信,R,,
2026-04-28,火,17,単独求人訴求メルマガ_B,2.9,毎週配信,武,部,
2026-04-28,火,20,当日新規会員,0.1,毎週配信,荒,内,
2026-04-28,火,17,福岡_リモートOK_未経験,0.4,毎週配信,R,,
2026-04-28,火,14,福祉事務,1.2,毎週配信,R,,
2026-04-28,火,14,福祉事務_35歳以上,1,毎週配信,R,,
2026-04-28,火,19,未経験_研修・資格_事務系_関西,0.3,毎週配信,R,,
2026-04-28,火,19,未経験_研修・資格_事務系_首都圏,1.3,毎週配信,R,,
2026-04-28,火,14,未経験向け急募求人_クリエイティブ,0.5,毎週配信,R,,
2026-04-28,火,14,未経験向け急募求人_営業,0.5,毎週配信,R,,
2026-04-28,火,14,未経験向け急募求人_事務,1,毎週配信,R,,
2026-04-28,火,10,面接1回,1.5,毎週配信,R,,
2026-04-28,火,10,面接1回_35歳以上,1,毎週配信,R,,
2026-04-29,水,18,過去会員×フルリモート×未経験歓迎,8.5,隔週A,部,石,
2026-04-29,水,21,◇ウキにしか掲載していない求人,6.9,毎週配信,部,武,
2026-04-29,水,13,◇掲載終了前+UP A,2.5,毎週配信,平,内,
2026-04-29,水,13,◇掲載終了前+UP_35歳以上 A,1,毎週配信,平,内,
2026-04-29,水,13,◇掲載終了前+UP_関西 A,1,毎週配信,平,内,
2026-04-29,水,8,★求人特集(35歳未満) A,7,毎週配信,平,荒,
2026-04-29,水,18,☆営業_経験_首都圏版,0.1,毎週配信,部,荒,
2026-04-29,水,18,☆営業_未経験_首都圏版,0.3,毎週配信,部,荒,
2026-04-29,水,17,☆推進課,3,毎週配信,荒,平,
2026-04-29,水,17,☆推進課_35歳以上,1,毎週配信,荒,平,
2026-04-29,水,17,☆推進課_関西,1,毎週配信,荒,平,
2026-04-29,水,10,40代未経験_正社員,2.3,毎週配信,R,,
2026-04-29,水,8,50代事務,0.4,毎週配信,部,石,
2026-04-29,水,20,これから人気,1,毎週配信,R,,
2026-04-29,水,19,フルリモート×正社員,3,毎週配信,R,,
2026-04-29,水,20,ユニークな福利厚生制度_B,1.2,毎週配信,R,,
2026-04-29,水,9,ランキング_エンジニア（IT系）_希望,0.3,毎週配信,R,,
2026-04-29,水,9,ランキング_クリエイティブ（その他）_希望,0.4,毎週配信,R,,
2026-04-29,水,9,ランキング_営業（その他）_希望,0.4,毎週配信,R,,
2026-04-29,水,9,ランキング_事務（営業事務）_希望,1,毎週配信,R,,
2026-04-29,水,15,営業（コールセンター）_希望,0.2,毎週配信,R,,
2026-04-29,水,18,駅直結_事務,1.7,毎週配信,R,,
2026-04-29,水,8,応募から1日_好条件営業ランキング,0.1,毎週配信,R,,
2026-04-29,水,21,応募から1日_好条件事務ランキング,0.1,毎週配信,R,,
2026-04-29,水,21,応募から3日会員,0.1,毎週配信,R,,
2026-04-29,水,13,関西単独求人メルマガ_A,0.4,毎週配信,武,部,
2026-04-29,水,12,休日120日_就業中_関西,0.7,毎週配信,R,,
2026-04-29,水,12,休日120日_未就業,0.7,毎週配信,R,,
2026-04-29,水,17,掲載終了間近_人気求人ランキング,3.1,毎週配信,武,部,
2026-04-29,水,9,裁量労働制,1.1,毎週配信,R,,
2026-04-29,水,10,子育て支援,0.6,毎週配信,R,,
2026-04-29,水,15,事務（金融関連）_希望,0.3,毎週配信,R,,
2026-04-29,水,11,事務（総務・人事）_希望,1.1,毎週配信,R,,
2026-04-29,水,9,時短×リモート,0.6,毎週配信,R,,
2026-04-29,水,12,自己PR不要_リモート未経験_エンジニア,0.2,毎週配信,R,,
2026-04-29,水,12,自己PR不要_リモート未経験_営業,0.3,毎週配信,R,,
2026-04-29,水,12,自己PR不要_リモート未経験_事務,2.5,毎週配信,R,,
2026-04-29,水,12,自己PR不要_残業無_未経験_販サ,0.3,毎週配信,R,,
2026-04-29,水,10,趣味・興味メルマガ_A,1,毎週配信,R,,
2026-04-29,水,19,渋谷・恵比寿勤務_事務,1.2,毎週配信,R,,
2026-04-29,水,20,大手上場_35歳以上 A,1,毎週配信,R,,
2026-04-29,水,20,大手上場_関西 A,1,毎週配信,R,,
2026-04-29,水,20,大手上場_第二新卒 A,0.7,毎週配信,R,,
2026-04-29,水,15,転職回数不問,1.8,毎週配信,R,,
2026-04-29,水,20,当日新規会員,0.1,毎週配信,荒,内,
2026-04-29,水,21,年収UP_営業,0.6,毎週配信,R,,
2026-04-29,水,16,年収UP_関西,1,毎週配信,R,,
2026-04-29,水,21,年収UP_事務,1.5,毎週配信,R,,
2026-04-29,水,21,年収UP_販サ,0.6,毎週配信,R,,
2026-04-29,水,16,副業OK×リモート_ランキング,2.8,毎週配信,R,,
2026-04-29,水,19,未経験_研修・資格_エンジニア系_首都圏,0.3,毎週配信,R,,
2026-04-29,水,19,六本木勤務,2,毎週配信,R,,
2026-04-30,木,18,TP部_働きやすい企業特集,1.6,隔週A,武,部,
2026-04-30,木,19,埼玉_路線,0.7,隔週A,部,内,
2026-04-30,木,19,神奈川_路線,0.9,隔週A,部,内,
2026-04-30,木,19,千葉_路線,0.6,隔週A,部,内,
2026-04-30,木,19,大阪_路線,0.7,隔週A,部,内,
2026-04-30,木,19,東京_路線_事務,1,隔週A,部,内,
2026-04-30,木,13,☆TP部_事務_現住所,2.4,毎週配信,部,石,
2026-04-30,木,18,☆販サ_経験_35歳以上_首都圏版,0.1,毎週配信,部,平,
2026-04-30,木,18,☆販サ_経験_35歳以上_全国版,0.2,毎週配信,部,平,
2026-04-30,木,18,☆販サ_経験_首都圏版,0.2,毎週配信,部,平,
2026-04-30,木,18,☆販サ_経験_全国版,0.3,毎週配信,部,平,
2026-04-30,木,18,☆販サ_未経験_35歳以上_首都圏版,0.2,毎週配信,部,平,
2026-04-30,木,18,☆販サ_未経験_首都圏版,0.3,毎週配信,部,平,
2026-04-30,木,18,40代事務ランキング,0.4,毎週配信,石,部,
2026-04-30,木,16,エンジニア限定_単独求人メルマガ,0.5,毎週配信,武,部,
2026-04-30,木,11,クリエイティブ（Web）_希望,0.4,毎週配信,R,,
2026-04-30,木,11,コロナ禍_事務_首都圏,2.5,毎週配信,R,,
2026-04-30,木,10,フルリモートランキング,0.5,毎週配信,R,,
2026-04-30,木,9,ランキング_営業（BtoB）_希望,0.3,毎週配信,R,,
2026-04-30,木,9,ランキング_事務（秘書）_希望,0.9,毎週配信,R,,
2026-04-30,木,14,リモートワーク A_35歳以上,1.1,毎週配信,R,,
2026-04-30,木,15,営業（マーケ）_希望,0.4,毎週配信,R,,
2026-04-30,木,8,応募から1日_好条件営業ランキング,0.1,毎週配信,R,,
2026-04-30,木,21,応募から1日_好条件事務ランキング,0.1,毎週配信,R,,
2026-04-30,木,21,応募から3日会員,0.1,毎週配信,R,,
2026-04-30,木,12,応募ランキング B,3.5,毎週配信,R,,
2026-04-30,木,12,応募ランキングB_全国,3.4,毎週配信,R,,
2026-04-30,木,21,学歴不問×大手上場企業,1.3,毎週配信,R,,
2026-04-30,木,14,関西‗リモート×フレックス,1.2,毎週配信,部,武,
2026-04-30,木,9,関西限定求人特集,1.1,毎週配信,R,,
2026-04-30,木,12,丸の内・大手町・有楽町_残業少_事務,0.9,毎週配信,R,,
2026-04-30,木,10,経験活かせる_営業,0.6,毎週配信,R,,
2026-04-30,木,10,経験活かせる_事務,1.4,毎週配信,R,,
2026-04-30,木,12,資格活かせる_簿記,0.3,毎週配信,R,,
2026-04-30,木,15,事務（その他）_希望,0.4,毎週配信,R,,
2026-04-30,木,20,事務職 A,1.3,毎週配信,R,,
2026-04-30,木,20,事務職_35歳以上 A_ランキング,1,毎週配信,R,,
2026-04-30,木,20,事務職_関西 A,1,毎週配信,R,,
2026-04-30,木,20,首都圏_フルリモート_求人特集,3.9,毎週配信,R,,
2026-04-30,木,12,新規会員向け_自己PR不要_求人特集,0.2,毎週配信,R,,
2026-04-30,木,8,新着_クリエイティブ,0.4,毎週配信,R,,
2026-04-30,木,8,新着_企画営業,0.9,毎週配信,R,,
2026-04-30,木,8,新着_経理,0.5,毎週配信,R,,
2026-04-30,木,8,新着_事務,2.5,毎週配信,R,,
2026-04-30,木,8,新着_人事,0.6,毎週配信,R,,
2026-04-30,木,21,新働きやすさ_A,2,毎週配信,R,,
2026-04-30,木,21,新働きやすさ_A_関西,0.8,毎週配信,R,,
2026-04-30,木,17,単独求人訴求メルマガ_C,2.3,毎週配信,石,武,
2026-04-30,木,17,東海_リモート,0.6,毎週配信,R,,
2026-04-30,木,20,当日新規会員,0.1,毎週配信,荒,内,
2026-04-30,木,16,年休130日以上_残業10時間以下,2.1,毎週配信,R,,
2026-04-30,木,8,年収500万以上_未経験歓迎,0.6,毎週配信,R,,
2026-04-30,木,21,髪色・服装自由_事務,1.8,毎週配信,R,,
2026-04-30,木,10,副業OK,4.4,毎週配信,R,,
2026-04-30,木,20,未経験_研修・資格_クリエイティブ系_埼玉神奈川千葉,0.3,毎週配信,R,,
2026-04-30,木,20,未経験_研修・資格_クリエイティブ系_東京,0.3,毎週配信,R,,
2026-04-30,木,19,未経験エンジニア希望向け_首都圏,0.4,毎週配信,R,,
2026-05-01,金,20,２回目転職×称号,0.9,隔週A,部,石,
2026-05-01,金,19,TP部_リモート×未経験OKの求人特集,1.9,隔週A,部,石,
2026-05-01,金,13,外部人気求人ランキング,1.4,隔週A,石,部,
2026-05-01,金,12,★新着総合_首都圏 B,5,毎週配信,荒,平,
2026-05-01,金,12,★新着総合_西日本 B,2.9,毎週配信,荒,平,
2026-05-01,金,12,★新着総合_東海 B,1,毎週配信,荒,平,
2026-05-01,金,12,★新着総合_北海道・東北 B,0.8,毎週配信,荒,平,
2026-05-01,金,12,★新着総合_北関東・甲信越・北陸 B,0.7,毎週配信,荒,平,
2026-05-01,金,17,☆Womantype[全],5,毎週配信,内,平,
2026-05-01,金,9,40~60代活躍中,1.5,毎週配信,石,武,
2026-05-01,金,21,ウルトラ好条件,6.7,毎週配信,R,,
2026-05-01,金,11,クリエイティブ（その他）_希望,0.3,毎週配信,R,,
2026-05-01,金,8,データ入力×リモートOK,1.8,毎週配信,R,,
2026-05-01,金,14,フルリモート_全国,3.7,毎週配信,R,,
2026-05-01,金,8,フルリモート×好条件,5.7,毎週配信,部,石,
2026-05-01,金,9,ランキング_事務（経理）_希望,0.4,毎週配信,R,,
2026-05-01,金,15,リモート手当あり,4.7,毎週配信,R,,
2026-05-01,金,15,営業（その他）_希望,0.3,毎週配信,R,,
2026-05-01,金,8,応募から1日_好条件営業ランキング,0.1,毎週配信,R,,
2026-05-01,金,21,応募から1日_好条件事務ランキング,0.1,毎週配信,R,,
2026-05-01,金,21,応募から3日会員,0.1,毎週配信,R,,
2026-05-01,金,21,希望業種_人材サービス,0.5,毎週配信,R,,
2026-05-01,金,8,既婚者,0.4,毎週配信,R,,
2026-05-01,金,19,経験_アパレル・コスメ,0.2,毎週配信,R,,
2026-05-01,金,19,経験_一般事務,0.7,毎週配信,R,,
2026-05-01,金,19,経験_営業,0.6,毎週配信,R,,
2026-05-01,金,11,今週の人気求人ランキング,5.7,毎週配信,R,,
2026-05-01,金,20,残業したくない,2.1,毎週配信,R,,
2026-05-01,金,20,残業したくない_関西,0.7,毎週配信,R,,
2026-05-01,金,10,子育手当,0.6,毎週配信,R,,
2026-05-01,金,15,事務（医療事務）_希望,0.5,毎週配信,R,,
2026-05-01,金,11,事務（広報）_希望,0.5,毎週配信,R,,
2026-05-01,金,20,住宅手当あり_首都圏,1.8,毎週配信,R,,
2026-05-01,金,20,住宅手当あり_首都圏_35歳以上,1.4,毎週配信,R,,
2026-05-01,金,20,当日新規会員,0.1,毎週配信,荒,内,
2026-05-01,金,8,梅田で働く,0.8,毎週配信,R,,
2026-05-01,金,8,未婚者,0.4,毎週配信,R,,
2026-05-02,土,11,フレックス_ランキング,2,隔週A,石,福,
2026-05-02,土,17,京都市で働く,0.2,隔週A,部,武,
2026-05-02,土,17,熊本市で働く,0.1,隔週A,部,武,
2026-05-02,土,17,広島市で働く,0.1,隔週A,部,武,
2026-05-02,土,12,高層ビルで働く_首都圏,1.6,隔週A,部,石,
2026-05-02,土,12,高層ビルで働く_大阪,0.5,隔週A,部,石,
2026-05-02,土,19,美容業界×未経験歓迎,0.3,隔週A,部,石,
2026-05-02,土,8,★求人特集(35歳未満） B,7,毎週配信,平,荒,
2026-05-02,土,14,☆横浜,4,毎週配信,平,荒,
2026-05-02,土,16,☆救済メルマガ(UP10),4,毎週配信,平,荒,
2026-05-02,土,20,35歳以上向け B,1.1,毎週配信,R,,
2026-05-02,土,20,35歳以上向け_関西 B,0.3,毎週配信,R,,
2026-05-02,土,20,35歳未満_PV多い求人,1,毎週配信,R,,
2026-05-02,土,9,NPS取得アンケート,0.3,毎週配信,R,,
2026-05-02,土,19,フルリモート×未経験歓迎,6.7,毎週配信,R,,
2026-05-02,土,13,ランキング_営業（キャリアカウンセラー）_希望,0.3,毎週配信,R,,
2026-05-02,土,13,ランキング_事務（総務・人事）_希望,0.9,毎週配信,R,,
2026-05-02,土,8,応募から1日_好条件営業ランキング,0.1,毎週配信,R,,
2026-05-02,土,21,応募から1日_好条件事務ランキング,0.1,毎週配信,R,,
2026-05-02,土,21,応募から3日会員,0.1,毎週配信,R,,
2026-05-02,土,17,横浜駅で働く,1.2,毎週配信,R,,
2026-05-02,土,18,関西限定事務求人特集,0.6,毎週配信,R,,
2026-05-02,土,21,月給30万以上_ランキング,1.7,毎週配信,R,,
2026-05-02,土,21,検討中ランキング_クリエイティブ,0.3,毎週配信,R,,
2026-05-02,土,10,検討中ランキング_事務,0.9,毎週配信,R,,
2026-05-02,土,21,検討中ランキング_販サ,0.4,毎週配信,R,,
2026-05-02,土,17,札幌駅で働く,0.2,毎週配信,R,,
2026-05-02,土,21,事務（一般事務）_希望,1.3,毎週配信,R,,
2026-05-02,土,15,事務（貿易事務）_希望,0.4,毎週配信,R,,
2026-05-02,土,12,趣味・興味メルマガ_B,1,毎週配信,R,,
2026-05-02,土,18,賞与3ヶ月以上×リモート_ランキング,2.5,毎週配信,R,,
2026-05-02,土,17,新大阪駅・本町駅で働く,0.9,毎週配信,R,,
2026-05-02,土,17,仙台駅で働く,0.2,毎週配信,R,,
2026-05-02,土,17,大宮浦和で働く,0.8,毎週配信,R,,
2026-05-02,土,9,単独求人訴求メルマガ_A,2.1,毎週配信,武,部,
2026-05-02,土,20,当日新規会員,0.1,毎週配信,荒,内,
2026-05-02,土,17,博多区で働く,0.4,毎週配信,R,,
2026-05-02,土,15,販サ（フロント）_希望,0.3,毎週配信,R,,
2026-05-03,日,18,コスメ業界_希望,0.3,隔週A,部,石,
2026-05-03,日,13,関西_フルリモート_求人特集,1.6,隔週A,部,石,
2026-05-03,日,12,★ウキポリ[全],10,毎週配信,平,荒,
2026-05-03,日,17,☆IT派遣［全］,2.6,毎週配信,内,平,
2026-05-03,日,19,☆TP部メルマガ,1.3,毎週配信,荒,平,
2026-05-03,日,19,☆TP部メルマガ_未就業,0.5,毎週配信,荒,平,
2026-05-03,日,8,40代再就職,0.9,毎週配信,R,,
2026-05-03,日,8,40代再就職_関西,0.4,毎週配信,R,,
2026-05-03,日,9,これから人気×エンジニア,0.2,毎週配信,R,,
2026-05-03,日,9,これから人気×リモート,0.6,毎週配信,R,,
2026-05-03,日,9,これから人気×リモート×営業,0.3,毎週配信,R,,
2026-05-03,日,9,これから人気×販サ,0.2,毎週配信,R,,
2026-05-03,日,18,プライベート重視_35歳以上,0.9,毎週配信,R,,
2026-05-03,日,13,フルリモート_35歳以上,2.1,毎週配信,R,,
2026-05-03,日,19,ランキング_販サ（フロント）_希望,0.3,毎週配信,R,,
2026-05-03,日,21,リモート_ランキング,2.5,毎週配信,R,,
2026-05-03,日,20,異業種提案_事務,2.1,毎週配信,R,,
2026-05-03,日,8,応募から1日_好条件営業ランキング,0.1,毎週配信,R,,
2026-05-03,日,21,応募から1日_好条件事務ランキング,0.1,毎週配信,R,,
2026-05-03,日,21,応募から3日会員,0.1,毎週配信,R,,
2026-05-03,日,9,応募ランキング C,4.5,毎週配信,R,,
2026-05-03,日,11,関西単独求人メルマガ_B,0.7,毎週配信,武,部,
2026-05-03,日,18,月曜日はリモート×フレックスで働く,2.3,毎週配信,R,,
2026-05-03,日,10,語学を活かせる,0.4,毎週配信,R,,
2026-05-03,日,17,事務・営業職経験者向け,0.7,毎週配信,R,,
2026-05-03,日,11,事務（営業事務）_希望,1,毎週配信,R,,
2026-05-03,日,19,上場_営業経験,0.7,毎週配信,R,,
2026-05-03,日,19,上場_事務経験,1.9,毎週配信,R,,
2026-05-03,日,19,上場_販サ経験,1.4,毎週配信,R,,
2026-05-03,日,8,人気検索KW_事務系希望,0.6,毎週配信,R,,
2026-05-03,日,20,正社員_関西,1.6,毎週配信,R,,
2026-05-03,日,20,当日新規会員,0.1,毎週配信,荒,内,
2026-05-03,日,21,名駅・栄駅で働く,0.6,毎週配信,R,,
2026-05-04,月,19,超好条件_営業,0.9,隔週A,部,石,
2026-05-04,月,12,未経験OK_専門性の高い事務,1.4,隔週A,部,石,
2026-05-04,月,8,◇掲載終了前+UP_35歳以上 B,1,毎週配信,内,荒,
2026-05-04,月,8,◇掲載終了前+UP_関西 B,1,毎週配信,内,荒,
2026-05-04,月,12,★納品対策,7,毎週配信,平,荒,
2026-05-04,月,10,☆TP部_事務_希望地,3.6,毎週配信,部,石,
2026-05-04,月,14,☆関西,1.4,毎週配信,平,荒,
2026-05-04,月,14,☆東海,0.5,毎週配信,平,荒,
2026-05-04,月,20,36歳以上正社員求人,2,毎週配信,R,,
2026-05-04,月,8,webデザイナー×未経験歓迎_希望,0.6,毎週配信,R,,
2026-05-04,月,11,クリエイティブ総合ランキング,0.8,毎週配信,R,,
2026-05-04,月,21,フルフレックス,3.1,毎週配信,R,,
2026-05-04,月,15,ランキング_事務（医療事務）_希望,0.2,毎週配信,R,,
2026-05-04,月,9,ランキング_事務（広報）_希望,0.3,毎週配信,R,,
2026-05-04,月,13,リモートワーク B,2.4,毎週配信,R,,
2026-05-04,月,21,営業_カタカナ職業,0.8,毎週配信,R,,
2026-05-04,月,15,営業（キャリアカウンセラー）_希望,0.2,毎週配信,R,,
2026-05-04,月,8,応募から1日_好条件営業ランキング,0.1,毎週配信,R,,
2026-05-04,月,21,応募から1日_好条件事務ランキング,0.1,毎週配信,R,,
2026-05-04,月,21,応募から3日会員,0.1,毎週配信,R,,
2026-05-04,月,11,関西_未経験リモート_事務,0.7,毎週配信,R,,
2026-05-04,月,19,関西‗超好条件_事務,0.7,毎週配信,部,武,
2026-05-04,月,14,希望勤務地_埼玉,0.7,毎週配信,R,,
2026-05-04,月,14,希望勤務地_千葉,0.7,毎週配信,R,,
2026-05-04,月,14,希望勤務地_東京,1.9,毎週配信,R,,
2026-05-04,月,20,広報・マーケティング_リモート_未経験,1,毎週配信,R,,
2026-05-04,月,8,高収入_リモート_営業,1.2,毎週配信,R,,
2026-05-04,月,8,高収入_リモート_事務,3,毎週配信,R,,
2026-05-04,月,20,国認定企業,1.6,毎週配信,R,,
2026-05-04,月,18,事務_経験_35歳以上_首都圏版,0.1,毎週配信,R,,
2026-05-04,月,18,事務_未経験_35歳以上_首都圏版,0.1,毎週配信,R,,
2026-05-04,月,18,事務_未経験_休眠会員_首都圏版,1,毎週配信,R,,
2026-05-04,月,16,事務職 B,1.7,毎週配信,R,,
2026-05-04,月,16,事務職_35歳以上 B,3,毎週配信,R,,
2026-05-04,月,16,事務職_関西 B,1,毎週配信,R,,
2026-05-04,月,19,自己PR不要_35歳以上,0.4,毎週配信,R,,
2026-05-04,月,18,自己PR不要_フルリモート,2.2,毎週配信,R,,
2026-05-04,月,20,新規会員向け_フルリモート×未経験歓迎,0.4,毎週配信,R,,
2026-05-04,月,19,全国_超好条件_事務,1,毎週配信,R,,
2026-05-04,月,14,大手・上場企業×事務,1,毎週配信,R,,
2026-05-04,月,17,単独求人訴求メルマガ_C,3,毎週配信,石,武,
2026-05-04,月,18,中国地方で働く,0.2,毎週配信,R,,
2026-05-04,月,19,超好条件_エンジニア,0.4,毎週配信,部,石,
2026-05-04,月,9,直近新規登録会員向け,1.3,毎週配信,R,,
2026-05-04,月,20,当日新規会員,0.1,毎週配信,荒,内,
2026-05-04,月,9,年収600万円以上,0.3,毎週配信,R,,
2026-05-04,月,13,美容業界×事務_希望,0.3,毎週配信,R,,
2026-05-04,月,20,不動産×事務,0.2,毎週配信,R,,
2026-05-04,月,8,◇掲載終了前+UP B,2,毎週配信,内,荒,
2026-05-05,火,17,◇応募ランキング A,0.7,毎週配信,荒,平,
2026-05-05,火,12,★新着総合_首都圏 A,5,毎週配信,荒,平,
2026-05-05,火,12,★新着総合_西日本 A,2.9,毎週配信,荒,平,
2026-05-05,火,12,★新着総合_東海 A,1,毎週配信,荒,平,
2026-05-05,火,12,★新着総合_北海道・東北 A,0.8,毎週配信,荒,平,
2026-05-05,火,12,★新着総合_北関東・甲信越・北陸 A,0.7,毎週配信,荒,平,
2026-05-05,火,18,☆エンジニア_経験_首都圏版,0.1,毎週配信,部,内,
2026-05-05,火,18,☆エンジニア_未経験_首都圏版,0.4,毎週配信,部,内,
2026-05-05,火,16,35歳以上向け A,1,毎週配信,R,,
2026-05-05,火,19,35歳以上向け_関西 A,0.3,毎週配信,R,,
2026-05-05,火,19,40代ラスト転職,0.9,毎週配信,R,,
2026-05-05,火,19,TP部_営業_現住所,2,毎週配信,R,,
2026-05-05,火,21,WEB面接・コロナ対策,9.3,毎週配信,R,,
2026-05-05,火,19,フルリモート_全国_エンジニア,1.3,毎週配信,R,,
2026-05-05,火,19,フルリモート_全国_営業,1.8,毎週配信,R,,
2026-05-05,火,19,フルリモート_全国_事務,5.5,毎週配信,R,,
2026-05-05,火,9,ランキング_クリエイティブ（Web）_希望,0.5,毎週配信,R,,
2026-05-05,火,9,ランキング_営業（マーケ）_希望,0.5,毎週配信,R,,
2026-05-05,火,9,ランキング_事務（一般事務）_希望,1.5,毎週配信,R,,
2026-05-05,火,21,ランキング_事務（貿易事務）_希望,0.4,毎週配信,R,,
2026-05-05,火,16,育児両立_フレックス,0.6,毎週配信,R,,
2026-05-05,火,8,応募から1日_好条件営業ランキング,0.1,毎週配信,R,,
2026-05-05,火,21,応募から1日_好条件事務ランキング,0.1,毎週配信,R,,
2026-05-05,火,21,応募から3日会員,0.1,毎週配信,R,,
2026-05-05,火,8,快適な在宅ワーク,4.3,毎週配信,石,部,
2026-05-05,火,8,関西_自己PR不要_リモート未経験_事務,0.2,毎週配信,R,,
2026-05-05,火,15,好条件×業務委託,0.4,毎週配信,部,武,
2026-05-05,火,15,好条件×契約社員,1.2,毎週配信,R,,
2026-05-05,火,10,事務_販サ経験者向け_東京,0.4,毎週配信,R,,
2026-05-05,火,11,事務（経理）_希望,0.5,毎週配信,R,,
2026-05-05,火,8,推し活_残業なし_休日120日以上_月給30万以上,1.2,毎週配信,R,,
2026-05-05,火,17,仙台_リモートOK_未経験,0.2,毎週配信,R,,
2026-05-05,火,17,大阪_リモートOK_未経験,0.7,毎週配信,R,,
2026-05-05,火,17,単独求人訴求メルマガ_B,2.9,毎週配信,武,部,
2026-05-05,火,20,当日新規会員,0.1,毎週配信,荒,内,
2026-05-05,火,17,福岡_リモートOK_未経験,0.4,毎週配信,R,,
2026-05-05,火,14,福祉事務,1.2,毎週配信,R,,
2026-05-05,火,14,福祉事務_35歳以上,1,毎週配信,R,,
2026-05-05,火,19,未経験_研修・資格_事務系_関西,0.3,毎週配信,R,,
2026-05-05,火,19,未経験_研修・資格_事務系_首都圏,1.3,毎週配信,R,,
2026-05-05,火,14,未経験向け急募求人_クリエイティブ,0.5,毎週配信,R,,
2026-05-05,火,14,未経験向け急募求人_営業,0.5,毎週配信,R,,
2026-05-05,火,14,未経験向け急募求人_事務,1,毎週配信,R,,
2026-05-05,火,10,面接1回,1.5,毎週配信,R,,
2026-05-05,火,10,面接1回_35歳以上,1,毎週配信,R,,
2026-05-06,水,21,◇ウキにしか掲載していない求人,6.9,毎週配信,部,武,
2026-05-06,水,13,◇掲載終了前+UP A,2.5,毎週配信,平,内,
2026-05-06,水,13,◇掲載終了前+UP_35歳以上 A,1,毎週配信,平,内,
2026-05-06,水,13,◇掲載終了前+UP_関西 A,1,毎週配信,平,内,
2026-05-06,水,8,★求人特集(35歳未満) A,7,毎週配信,平,荒,
2026-05-06,水,18,☆営業_経験_首都圏版,0.1,毎週配信,部,荒,
2026-05-06,水,18,☆営業_未経験_首都圏版,0.3,毎週配信,部,荒,
2026-05-06,水,17,☆推進課,3,毎週配信,荒,平,
2026-05-06,水,17,☆推進課_35歳以上,1,毎週配信,荒,平,
2026-05-06,水,17,☆推進課_関西,1,毎週配信,荒,平,
2026-05-06,水,10,40代未経験_正社員,2.3,毎週配信,R,,
2026-05-06,水,8,50代事務,0.4,毎週配信,部,石,
2026-05-06,水,20,これから人気,1,毎週配信,R,,
2026-05-06,水,19,フルリモート×正社員,3,毎週配信,R,,
2026-05-06,水,20,ユニークな福利厚生制度_B,1.2,毎週配信,R,,
2026-05-06,水,9,ランキング_エンジニア（IT系）_希望,0.3,毎週配信,R,,
2026-05-06,水,9,ランキング_クリエイティブ（その他）_希望,0.4,毎週配信,R,,
2026-05-06,水,9,ランキング_営業（その他）_希望,0.4,毎週配信,R,,
2026-05-06,水,9,ランキング_事務（営業事務）_希望,1,毎週配信,R,,
2026-05-06,水,15,営業（コールセンター）_希望,0.2,毎週配信,R,,
2026-05-06,水,18,駅直結_事務,1.7,毎週配信,R,,
2026-05-06,水,8,応募から1日_好条件営業ランキング,0.1,毎週配信,R,,
2026-05-06,水,21,応募から1日_好条件事務ランキング,0.1,毎週配信,R,,
2026-05-06,水,21,応募から3日会員,0.1,毎週配信,R,,
2026-05-06,水,13,関西単独求人メルマガ_A,0.4,毎週配信,武,部,
2026-05-06,水,12,休日120日_就業中_関西,0.7,毎週配信,R,,
2026-05-06,水,12,休日120日_未就業,0.7,毎週配信,R,,
2026-05-06,水,17,掲載終了間近_人気求人ランキング,3.1,毎週配信,武,部,
2026-05-06,水,9,裁量労働制,1.1,毎週配信,R,,
2026-05-06,水,10,子育て支援,0.6,毎週配信,R,,
2026-05-06,水,15,事務（金融関連）_希望,0.3,毎週配信,R,,
2026-05-06,水,11,事務（総務・人事）_希望,1.1,毎週配信,R,,
2026-05-06,水,9,時短×リモート,0.6,毎週配信,R,,
2026-05-06,水,12,自己PR不要_リモート未経験_エンジニア,0.2,毎週配信,R,,
2026-05-06,水,12,自己PR不要_リモート未経験_営業,0.3,毎週配信,R,,
2026-05-06,水,12,自己PR不要_リモート未経験_事務,2.5,毎週配信,R,,
2026-05-06,水,12,自己PR不要_残業無_未経験_販サ,0.3,毎週配信,R,,
2026-05-06,水,10,趣味・興味メルマガ_A,1,毎週配信,R,,
2026-05-06,水,19,渋谷・恵比寿勤務_事務,1.2,毎週配信,R,,
2026-05-06,水,20,大手上場_35歳以上 A,1,毎週配信,R,,
2026-05-06,水,20,大手上場_関西 A,1,毎週配信,R,,
2026-05-06,水,20,大手上場_第二新卒 A,0.7,毎週配信,R,,
2026-05-06,水,15,転職回数不問,1.8,毎週配信,R,,
2026-05-06,水,20,当日新規会員,0.1,毎週配信,荒,内,
2026-05-06,水,21,年収UP_営業,0.6,毎週配信,R,,
2026-05-06,水,16,年収UP_関西,1,毎週配信,R,,
2026-05-06,水,21,年収UP_事務,1.5,毎週配信,R,,
2026-05-06,水,21,年収UP_販サ,0.6,毎週配信,R,,
2026-05-06,水,16,副業OK×リモート_ランキング,2.8,毎週配信,R,,
2026-05-06,水,19,未経験_研修・資格_エンジニア系_首都圏,0.3,毎週配信,R,,
2026-05-06,水,19,六本木勤務,2,毎週配信,R,,
2026-05-07,木,13,☆TP部_事務_現住所,2.4,毎週配信,部,石,
2026-05-07,木,18,☆販サ_経験_35歳以上_首都圏版,0.1,毎週配信,部,平,
2026-05-07,木,18,☆販サ_経験_35歳以上_全国版,0.2,毎週配信,部,平,
2026-05-07,木,18,☆販サ_経験_首都圏版,0.2,毎週配信,部,平,
2026-05-07,木,18,☆販サ_経験_全国版,0.3,毎週配信,部,平,
2026-05-07,木,18,☆販サ_未経験_35歳以上_首都圏版,0.2,毎週配信,部,平,
2026-05-07,木,18,☆販サ_未経験_首都圏版,0.3,毎週配信,部,平,
2026-05-07,木,18,40代事務ランキング,0.4,毎週配信,石,部,
2026-05-07,木,16,エンジニア限定_単独求人メルマガ,0.5,毎週配信,武,部,
2026-05-07,木,11,クリエイティブ（Web）_希望,0.4,毎週配信,R,,
2026-05-07,木,11,コロナ禍_事務_首都圏,2.5,毎週配信,R,,
2026-05-07,木,10,フルリモートランキング,0.5,毎週配信,R,,
2026-05-07,木,9,ランキング_営業（BtoB）_希望,0.3,毎週配信,R,,
2026-05-07,木,9,ランキング_事務（秘書）_希望,0.9,毎週配信,R,,
2026-05-07,木,14,リモートワーク A_35歳以上,1.1,毎週配信,R,,
2026-05-07,木,15,営業（マーケ）_希望,0.4,毎週配信,R,,
2026-05-07,木,8,応募から1日_好条件営業ランキング,0.1,毎週配信,R,,
2026-05-07,木,21,応募から1日_好条件事務ランキング,0.1,毎週配信,R,,
2026-05-07,木,21,応募から3日会員,0.1,毎週配信,R,,
2026-05-07,木,12,応募ランキング B,3.5,毎週配信,R,,
2026-05-07,木,12,応募ランキングB_全国,3.4,毎週配信,R,,
2026-05-07,木,21,学歴不問×大手上場企業,1.3,毎週配信,R,,
2026-05-07,木,14,関西‗リモート×フレックス,1.2,毎週配信,部,武,
2026-05-07,木,9,関西限定求人特集,1.1,毎週配信,R,,
2026-05-07,木,12,丸の内・大手町・有楽町_残業少_事務,0.9,毎週配信,R,,
2026-05-07,木,10,経験活かせる_営業,0.6,毎週配信,R,,
2026-05-07,木,10,経験活かせる_事務,1.4,毎週配信,R,,
2026-05-07,木,12,資格活かせる_簿記,0.3,毎週配信,R,,
2026-05-07,木,15,事務（その他）_希望,0.4,毎週配信,R,,
2026-05-07,木,20,事務職 A,1.3,毎週配信,R,,
2026-05-07,木,20,事務職_35歳以上 A_ランキング,1,毎週配信,R,,
2026-05-07,木,20,事務職_関西 A,1,毎週配信,R,,
2026-05-07,木,20,首都圏_フルリモート_求人特集,3.9,毎週配信,R,,
2026-05-07,木,12,新規会員向け_自己PR不要_求人特集,0.2,毎週配信,R,,
2026-05-07,木,8,新着_クリエイティブ,0.4,毎週配信,R,,
2026-05-07,木,8,新着_企画営業,0.9,毎週配信,R,,
2026-05-07,木,8,新着_経理,0.5,毎週配信,R,,
2026-05-07,木,8,新着_事務,2.5,毎週配信,R,,
2026-05-07,木,8,新着_人事,0.6,毎週配信,R,,
2026-05-07,木,21,新働きやすさ_A,2,毎週配信,R,,
2026-05-07,木,21,新働きやすさ_A_関西,0.8,毎週配信,R,,
2026-05-07,木,17,単独求人訴求メルマガ_C,2.3,毎週配信,石,武,
2026-05-07,木,17,東海_リモート,0.6,毎週配信,R,,
2026-05-07,木,20,当日新規会員,0.1,毎週配信,荒,内,
2026-05-07,木,16,年休130日以上_残業10時間以下,2.1,毎週配信,R,,
2026-05-07,木,8,年収500万以上_未経験歓迎,0.6,毎週配信,R,,
2026-05-07,木,21,髪色・服装自由_事務,1.8,毎週配信,R,,
2026-05-07,木,10,副業OK,4.4,毎週配信,R,,
2026-05-07,木,20,未経験_研修・資格_クリエイティブ系_埼玉神奈川千葉,0.3,毎週配信,R,,
2026-05-07,木,20,未経験_研修・資格_クリエイティブ系_東京,0.3,毎週配信,R,,
2026-05-07,木,19,未経験エンジニア希望向け_首都圏,0.4,毎週配信,R,,
2026-05-08,金,12,★新着総合_首都圏 B,5,毎週配信,荒,平,
2026-05-08,金,12,★新着総合_西日本 B,2.9,毎週配信,荒,平,
2026-05-08,金,12,★新着総合_東海 B,1,毎週配信,荒,平,
2026-05-08,金,12,★新着総合_北海道・東北 B,0.8,毎週配信,荒,平,
2026-05-08,金,12,★新着総合_北関東・甲信越・北陸 B,0.7,毎週配信,荒,平,
2026-05-08,金,17,☆Womantype[全],5,毎週配信,内,平,
2026-05-08,金,9,40~60代活躍中,1.5,毎週配信,石,武,
2026-05-08,金,21,ウルトラ好条件,6.7,毎週配信,R,,
2026-05-08,金,11,クリエイティブ（その他）_希望,0.3,毎週配信,R,,
2026-05-08,金,8,データ入力×リモートOK,1.8,毎週配信,R,,
2026-05-08,金,14,フルリモート_全国,3.7,毎週配信,R,,
2026-05-08,金,8,フルリモート×好条件,5.7,毎週配信,部,石,
2026-05-08,金,9,ランキング_事務（経理）_希望,0.4,毎週配信,R,,
2026-05-08,金,15,リモート手当あり,4.7,毎週配信,R,,
2026-05-08,金,15,営業（その他）_希望,0.3,毎週配信,R,,
2026-05-08,金,8,応募から1日_好条件営業ランキング,0.1,毎週配信,R,,
2026-05-08,金,21,応募から1日_好条件事務ランキング,0.1,毎週配信,R,,
2026-05-08,金,21,応募から3日会員,0.1,毎週配信,R,,
2026-05-08,金,21,希望業種_人材サービス,0.5,毎週配信,R,,
2026-05-08,金,8,既婚者,0.4,毎週配信,R,,
2026-05-08,金,19,経験_アパレル・コスメ,0.2,毎週配信,R,,
2026-05-08,金,19,経験_一般事務,0.7,毎週配信,R,,
2026-05-08,金,19,経験_営業,0.6,毎週配信,R,,
2026-05-08,金,11,今週の人気求人ランキング,5.7,毎週配信,R,,
2026-05-08,金,20,残業したくない,2.1,毎週配信,R,,
2026-05-08,金,20,残業したくない_関西,0.7,毎週配信,R,,
2026-05-08,金,10,子育手当,0.6,毎週配信,R,,
2026-05-08,金,15,事務（医療事務）_希望,0.5,毎週配信,R,,
2026-05-08,金,11,事務（広報）_希望,0.5,毎週配信,R,,
2026-05-08,金,20,住宅手当あり_首都圏,1.8,毎週配信,R,,
2026-05-08,金,20,住宅手当あり_首都圏_35歳以上,1.4,毎週配信,R,,
2026-05-08,金,20,当日新規会員,0.1,毎週配信,荒,内,
2026-05-08,金,8,梅田で働く,0.8,毎週配信,R,,
2026-05-08,金,8,未婚者,0.4,毎週配信,R,,
2026-05-09,土,8,★求人特集(35歳未満） B,7,毎週配信,平,荒,
2026-05-09,土,14,☆横浜,4,毎週配信,平,荒,
2026-05-09,土,16,☆救済メルマガ(UP10),4,毎週配信,平,荒,
2026-05-09,土,20,35歳以上向け B,1.1,毎週配信,R,,
2026-05-09,土,20,35歳以上向け_関西 B,0.3,毎週配信,R,,
2026-05-09,土,20,35歳未満_PV多い求人,1,毎週配信,R,,
2026-05-09,土,9,NPS取得アンケート,0.3,毎週配信,R,,
2026-05-09,土,19,フルリモート×未経験歓迎,6.7,毎週配信,R,,
2026-05-09,土,13,ランキング_営業（キャリアカウンセラー）_希望,0.3,毎週配信,R,,
2026-05-09,土,13,ランキング_事務（総務・人事）_希望,0.9,毎週配信,R,,
2026-05-09,土,8,応募から1日_好条件営業ランキング,0.1,毎週配信,R,,
2026-05-09,土,21,応募から1日_好条件事務ランキング,0.1,毎週配信,R,,
2026-05-09,土,21,応募から3日会員,0.1,毎週配信,R,,
2026-05-09,土,17,横浜駅で働く,1.2,毎週配信,R,,
2026-05-09,土,18,関西限定事務求人特集,0.6,毎週配信,R,,
2026-05-09,土,21,月給30万以上_ランキング,1.7,毎週配信,R,,
2026-05-09,土,21,検討中ランキング_クリエイティブ,0.3,毎週配信,R,,
2026-05-09,土,10,検討中ランキング_事務,0.9,毎週配信,R,,
2026-05-09,土,21,検討中ランキング_販サ,0.4,毎週配信,R,,
2026-05-09,土,17,札幌駅で働く,0.2,毎週配信,R,,
2026-05-09,土,21,事務（一般事務）_希望,1.3,毎週配信,R,,
2026-05-09,土,15,事務（貿易事務）_希望,0.4,毎週配信,R,,
2026-05-09,土,12,趣味・興味メルマガ_B,1,毎週配信,R,,
2026-05-09,土,18,賞与3ヶ月以上×リモート_ランキング,2.5,毎週配信,R,,
2026-05-09,土,17,新大阪駅・本町駅で働く,0.9,毎週配信,R,,
2026-05-09,土,17,仙台駅で働く,0.2,毎週配信,R,,
2026-05-09,土,17,大宮浦和で働く,0.8,毎週配信,R,,
2026-05-09,土,9,単独求人訴求メルマガ_A,2.1,毎週配信,武,部,
2026-05-09,土,20,当日新規会員,0.1,毎週配信,荒,内,
2026-05-09,土,17,博多区で働く,0.4,毎週配信,R,,
2026-05-09,土,15,販サ（フロント）_希望,0.3,毎週配信,R,,
2026-05-10,日,12,★ウキポリ[全],10,毎週配信,平,荒,
2026-05-10,日,17,☆IT派遣［全］,2.6,毎週配信,内,平,
2026-05-10,日,19,☆TP部メルマガ,1.3,毎週配信,荒,平,
2026-05-10,日,19,☆TP部メルマガ_未就業,0.5,毎週配信,荒,平,
2026-05-10,日,8,40代再就職,0.9,毎週配信,R,,
2026-05-10,日,8,40代再就職_関西,0.4,毎週配信,R,,
2026-05-10,日,9,これから人気×エンジニア,0.2,毎週配信,R,,
2026-05-10,日,9,これから人気×リモート,0.6,毎週配信,R,,
2026-05-10,日,9,これから人気×リモート×営業,0.3,毎週配信,R,,
2026-05-10,日,9,これから人気×販サ,0.2,毎週配信,R,,
2026-05-10,日,18,プライベート重視_35歳以上,0.9,毎週配信,R,,
2026-05-10,日,13,フルリモート_35歳以上,2.1,毎週配信,R,,
2026-05-10,日,19,ランキング_販サ（フロント）_希望,0.3,毎週配信,R,,
2026-05-10,日,21,リモート_ランキング,2.5,毎週配信,R,,
2026-05-10,日,20,異業種提案_事務,2.1,毎週配信,R,,
2026-05-10,日,8,応募から1日_好条件営業ランキング,0.1,毎週配信,R,,
2026-05-10,日,21,応募から1日_好条件事務ランキング,0.1,毎週配信,R,,
2026-05-10,日,21,応募から3日会員,0.1,毎週配信,R,,
2026-05-10,日,9,応募ランキング C,4.5,毎週配信,R,,
2026-05-10,日,11,関西単独求人メルマガ_B,0.7,毎週配信,武,部,
2026-05-10,日,18,月曜日はリモート×フレックスで働く,2.3,毎週配信,R,,
2026-05-10,日,10,語学を活かせる,0.4,毎週配信,R,,
2026-05-10,日,17,事務・営業職経験者向け,0.7,毎週配信,R,,
2026-05-10,日,11,事務（営業事務）_希望,1,毎週配信,R,,
2026-05-10,日,19,上場_営業経験,0.7,毎週配信,R,,
2026-05-10,日,19,上場_事務経験,1.9,毎週配信,R,,
2026-05-10,日,19,上場_販サ経験,1.4,毎週配信,R,,
2026-05-10,日,8,人気検索KW_事務系希望,0.6,毎週配信,R,,
2026-05-10,日,20,正社員_関西,1.6,毎週配信,R,,
2026-05-10,日,20,当日新規会員,0.1,毎週配信,荒,内,
2026-05-10,日,21,名駅・栄駅で働く,0.6,毎週配信,R,,
2026-05-11,月,8,◇掲載終了前+UP_35歳以上 B,1,毎週配信,内,荒,
2026-05-11,月,8,◇掲載終了前+UP_関西 B,1,毎週配信,内,荒,
2026-05-11,月,12,★納品対策,7,毎週配信,平,荒,
2026-05-11,月,10,☆TP部_事務_希望地,3.6,毎週配信,部,石,
2026-05-11,月,14,☆関西,1.4,毎週配信,平,荒,
2026-05-11,月,14,☆東海,0.5,毎週配信,平,荒,
2026-05-11,月,20,36歳以上正社員求人,2,毎週配信,R,,
2026-05-11,月,8,webデザイナー×未経験歓迎_希望,0.6,毎週配信,R,,
2026-05-11,月,11,クリエイティブ総合ランキング,0.8,毎週配信,R,,
2026-05-11,月,21,フルフレックス,3.1,毎週配信,R,,
2026-05-11,月,15,ランキング_事務（医療事務）_希望,0.2,毎週配信,R,,
2026-05-11,月,9,ランキング_事務（広報）_希望,0.3,毎週配信,R,,
2026-05-11,月,13,リモートワーク B,2.4,毎週配信,R,,
2026-05-11,月,21,営業_カタカナ職業,0.8,毎週配信,R,,
2026-05-11,月,15,営業（キャリアカウンセラー）_希望,0.2,毎週配信,R,,
2026-05-11,月,8,応募から1日_好条件営業ランキング,0.1,毎週配信,R,,
2026-05-11,月,21,応募から1日_好条件事務ランキング,0.1,毎週配信,R,,
2026-05-11,月,21,応募から3日会員,0.1,毎週配信,R,,
2026-05-11,月,11,関西_未経験リモート_事務,0.7,毎週配信,R,,
2026-05-11,月,19,関西‗超好条件_事務,0.7,毎週配信,部,武,
2026-05-11,月,14,希望勤務地_埼玉,0.7,毎週配信,R,,
2026-05-11,月,14,希望勤務地_千葉,0.7,毎週配信,R,,
2026-05-11,月,14,希望勤務地_東京,1.9,毎週配信,R,,
2026-05-11,月,20,広報・マーケティング_リモート_未経験,1,毎週配信,R,,
2026-05-11,月,8,高収入_リモート_営業,1.2,毎週配信,R,,
2026-05-11,月,8,高収入_リモート_事務,3,毎週配信,R,,
2026-05-11,月,20,国認定企業,1.6,毎週配信,R,,
2026-05-11,月,18,事務_経験_35歳以上_首都圏版,0.1,毎週配信,R,,
2026-05-11,月,18,事務_未経験_35歳以上_首都圏版,0.1,毎週配信,R,,
2026-05-11,月,18,事務_未経験_休眠会員_首都圏版,1,毎週配信,R,,
2026-05-11,月,16,事務職 B,1.7,毎週配信,R,,
2026-05-11,月,16,事務職_35歳以上 B,3,毎週配信,R,,
2026-05-11,月,16,事務職_関西 B,1,毎週配信,R,,
2026-05-11,月,19,自己PR不要_35歳以上,0.4,毎週配信,R,,
2026-05-11,月,18,自己PR不要_フルリモート,2.2,毎週配信,R,,
2026-05-11,月,20,新規会員向け_フルリモート×未経験歓迎,0.4,毎週配信,R,,
2026-05-11,月,19,全国_超好条件_事務,1,毎週配信,R,,
2026-05-11,月,14,大手・上場企業×事務,1,毎週配信,R,,
2026-05-11,月,17,単独求人訴求メルマガ_C,3,毎週配信,石,武,
2026-05-11,月,18,中国地方で働く,0.2,毎週配信,R,,
2026-05-11,月,19,超好条件_エンジニア,0.4,毎週配信,部,石,
2026-05-11,月,9,直近新規登録会員向け,1.3,毎週配信,R,,
2026-05-11,月,20,当日新規会員,0.1,毎週配信,荒,内,
2026-05-11,月,9,年収600万円以上,0.3,毎週配信,R,,
2026-05-11,月,13,美容業界×事務_希望,0.3,毎週配信,R,,
2026-05-11,月,20,不動産×事務,0.2,毎週配信,R,,
2026-05-11,月,8,◇掲載終了前+UP B,2,毎週配信,内,荒,
2026-05-12,火,15,ECサイト運用_未経験,0.7,隔週A,福,部,
2026-05-12,火,9,ランキング×WEBマーケティング,0.4,隔週A,部,石,
2026-05-12,火,17,引っ越し特典,2.3,隔週A,部,石,
2026-05-12,火,17,◇応募ランキング A,0.7,毎週配信,荒,平,
2026-05-12,火,12,★新着総合_首都圏 A,5,毎週配信,荒,平,
2026-05-12,火,12,★新着総合_西日本 A,2.9,毎週配信,荒,平,
2026-05-12,火,12,★新着総合_東海 A,1,毎週配信,荒,平,
2026-05-12,火,12,★新着総合_北海道・東北 A,0.8,毎週配信,荒,平,
2026-05-12,火,12,★新着総合_北関東・甲信越・北陸 A,0.7,毎週配信,荒,平,
2026-05-12,火,18,☆エンジニア_経験_首都圏版,0.1,毎週配信,部,内,
2026-05-12,火,18,☆エンジニア_未経験_首都圏版,0.4,毎週配信,部,内,
2026-05-12,火,16,35歳以上向け A,1,毎週配信,R,,
2026-05-12,火,19,35歳以上向け_関西 A,0.3,毎週配信,R,,
2026-05-12,火,19,40代ラスト転職,0.9,毎週配信,R,,
2026-05-12,火,19,TP部_営業_現住所,2,毎週配信,R,,
2026-05-12,火,21,WEB面接・コロナ対策,9.3,毎週配信,R,,
2026-05-12,火,19,フルリモート_全国_エンジニア,1.3,毎週配信,R,,
2026-05-12,火,19,フルリモート_全国_営業,1.8,毎週配信,R,,
2026-05-12,火,19,フルリモート_全国_事務,5.5,毎週配信,R,,
2026-05-12,火,9,ランキング_クリエイティブ（Web）_希望,0.5,毎週配信,R,,
2026-05-12,火,9,ランキング_営業（マーケ）_希望,0.5,毎週配信,R,,
2026-05-12,火,9,ランキング_事務（一般事務）_希望,1.5,毎週配信,R,,
2026-05-12,火,21,ランキング_事務（貿易事務）_希望,0.4,毎週配信,R,,
2026-05-12,火,16,育児両立_フレックス,0.6,毎週配信,R,,
2026-05-12,火,8,応募から1日_好条件営業ランキング,0.1,毎週配信,R,,
2026-05-12,火,21,応募から1日_好条件事務ランキング,0.1,毎週配信,R,,
2026-05-12,火,21,応募から3日会員,0.1,毎週配信,R,,
2026-05-12,火,8,快適な在宅ワーク,4.3,毎週配信,石,部,
2026-05-12,火,8,関西_自己PR不要_リモート未経験_事務,0.2,毎週配信,R,,
2026-05-12,火,15,好条件×業務委託,0.4,毎週配信,部,武,
2026-05-12,火,15,好条件×契約社員,1.2,毎週配信,R,,
2026-05-12,火,10,事務_販サ経験者向け_東京,0.4,毎週配信,R,,
2026-05-12,火,11,事務（経理）_希望,0.5,毎週配信,R,,
2026-05-12,火,8,推し活_残業なし_休日120日以上_月給30万以上,1.2,毎週配信,R,,
2026-05-12,火,17,仙台_リモートOK_未経験,0.2,毎週配信,R,,
2026-05-12,火,17,大阪_リモートOK_未経験,0.7,毎週配信,R,,
2026-05-12,火,17,単独求人訴求メルマガ_B,2.9,毎週配信,武,部,
2026-05-12,火,20,当日新規会員,0.1,毎週配信,荒,内,
2026-05-12,火,17,福岡_リモートOK_未経験,0.4,毎週配信,R,,
2026-05-12,火,14,福祉事務,1.2,毎週配信,R,,
2026-05-12,火,14,福祉事務_35歳以上,1,毎週配信,R,,
2026-05-12,火,19,未経験_研修・資格_事務系_関西,0.3,毎週配信,R,,
2026-05-12,火,19,未経験_研修・資格_事務系_首都圏,1.3,毎週配信,R,,
2026-05-12,火,14,未経験向け急募求人_クリエイティブ,0.5,毎週配信,R,,
2026-05-12,火,14,未経験向け急募求人_営業,0.5,毎週配信,R,,
2026-05-12,火,14,未経験向け急募求人_事務,1,毎週配信,R,,
2026-05-12,火,10,面接1回,1.5,毎週配信,R,,
2026-05-12,火,10,面接1回_35歳以上,1,毎週配信,R,,
2026-05-13,水,18,過去会員×フルリモート×未経験歓迎,8.5,隔週A,部,石,
2026-05-13,水,21,◇ウキにしか掲載していない求人,6.9,毎週配信,部,武,
2026-05-13,水,13,◇掲載終了前+UP A,2.5,毎週配信,平,内,
2026-05-13,水,13,◇掲載終了前+UP_35歳以上 A,1,毎週配信,平,内,
2026-05-13,水,13,◇掲載終了前+UP_関西 A,1,毎週配信,平,内,
2026-05-13,水,8,★求人特集(35歳未満) A,7,毎週配信,平,荒,
2026-05-13,水,18,☆営業_経験_首都圏版,0.1,毎週配信,部,荒,
2026-05-13,水,18,☆営業_未経験_首都圏版,0.3,毎週配信,部,荒,
2026-05-13,水,17,☆推進課,3,毎週配信,荒,平,
2026-05-13,水,17,☆推進課_35歳以上,1,毎週配信,荒,平,
2026-05-13,水,17,☆推進課_関西,1,毎週配信,荒,平,
2026-05-13,水,10,40代未経験_正社員,2.3,毎週配信,R,,
2026-05-13,水,8,50代事務,0.4,毎週配信,部,石,
2026-05-13,水,20,これから人気,1,毎週配信,R,,
2026-05-13,水,19,フルリモート×正社員,3,毎週配信,R,,
2026-05-13,水,20,ユニークな福利厚生制度_B,1.2,毎週配信,R,,
2026-05-13,水,9,ランキング_エンジニア（IT系）_希望,0.3,毎週配信,R,,
2026-05-13,水,9,ランキング_クリエイティブ（その他）_希望,0.4,毎週配信,R,,
2026-05-13,水,9,ランキング_営業（その他）_希望,0.4,毎週配信,R,,
2026-05-13,水,9,ランキング_事務（営業事務）_希望,1,毎週配信,R,,
2026-05-13,水,15,営業（コールセンター）_希望,0.2,毎週配信,R,,
2026-05-13,水,18,駅直結_事務,1.7,毎週配信,R,,
2026-05-13,水,8,応募から1日_好条件営業ランキング,0.1,毎週配信,R,,
2026-05-13,水,21,応募から1日_好条件事務ランキング,0.1,毎週配信,R,,
2026-05-13,水,21,応募から3日会員,0.1,毎週配信,R,,
2026-05-13,水,13,関西単独求人メルマガ_A,0.4,毎週配信,武,部,
2026-05-13,水,12,休日120日_就業中_関西,0.7,毎週配信,R,,
2026-05-13,水,12,休日120日_未就業,0.7,毎週配信,R,,
2026-05-13,水,17,掲載終了間近_人気求人ランキング,3.1,毎週配信,武,部,
2026-05-13,水,9,裁量労働制,1.1,毎週配信,R,,
2026-05-13,水,10,子育て支援,0.6,毎週配信,R,,
2026-05-13,水,15,事務（金融関連）_希望,0.3,毎週配信,R,,
2026-05-13,水,11,事務（総務・人事）_希望,1.1,毎週配信,R,,
2026-05-13,水,9,時短×リモート,0.6,毎週配信,R,,
2026-05-13,水,12,自己PR不要_リモート未経験_エンジニア,0.2,毎週配信,R,,
2026-05-13,水,12,自己PR不要_リモート未経験_営業,0.3,毎週配信,R,,
2026-05-13,水,12,自己PR不要_リモート未経験_事務,2.5,毎週配信,R,,
2026-05-13,水,12,自己PR不要_残業無_未経験_販サ,0.3,毎週配信,R,,
2026-05-13,水,10,趣味・興味メルマガ_A,1,毎週配信,R,,
2026-05-13,水,19,渋谷・恵比寿勤務_事務,1.2,毎週配信,R,,
2026-05-13,水,20,大手上場_35歳以上 A,1,毎週配信,R,,
2026-05-13,水,20,大手上場_関西 A,1,毎週配信,R,,
2026-05-13,水,20,大手上場_第二新卒 A,0.7,毎週配信,R,,
2026-05-13,水,15,転職回数不問,1.8,毎週配信,R,,
2026-05-13,水,20,当日新規会員,0.1,毎週配信,荒,内,
2026-05-13,水,21,年収UP_営業,0.6,毎週配信,R,,
2026-05-13,水,16,年収UP_関西,1,毎週配信,R,,
2026-05-13,水,21,年収UP_事務,1.5,毎週配信,R,,
2026-05-13,水,21,年収UP_販サ,0.6,毎週配信,R,,
2026-05-13,水,16,副業OK×リモート_ランキング,2.8,毎週配信,R,,
2026-05-13,水,19,未経験_研修・資格_エンジニア系_首都圏,0.3,毎週配信,R,,
2026-05-13,水,19,六本木勤務,2,毎週配信,R,,
2026-05-14,木,18,TP部_働きやすい企業特集,1.6,隔週A,武,部,
2026-05-14,木,19,埼玉_路線,0.7,隔週A,部,内,
2026-05-14,木,19,神奈川_路線,0.9,隔週A,部,内,
2026-05-14,木,19,千葉_路線,0.6,隔週A,部,内,
2026-05-14,木,19,大阪_路線,0.7,隔週A,部,内,
2026-05-14,木,19,東京_路線_事務,1,隔週A,部,内,
2026-05-14,木,13,☆TP部_事務_現住所,2.4,毎週配信,部,石,
2026-05-14,木,18,☆販サ_経験_35歳以上_首都圏版,0.1,毎週配信,部,平,
2026-05-14,木,18,☆販サ_経験_35歳以上_全国版,0.2,毎週配信,部,平,
2026-05-14,木,18,☆販サ_経験_首都圏版,0.2,毎週配信,部,平,
2026-05-14,木,18,☆販サ_経験_全国版,0.3,毎週配信,部,平,
2026-05-14,木,18,☆販サ_未経験_35歳以上_首都圏版,0.2,毎週配信,部,平,
2026-05-14,木,18,☆販サ_未経験_首都圏版,0.3,毎週配信,部,平,
2026-05-14,木,18,40代事務ランキング,0.4,毎週配信,石,部,
2026-05-14,木,16,エンジニア限定_単独求人メルマガ,0.5,毎週配信,武,部,
2026-05-14,木,11,クリエイティブ（Web）_希望,0.4,毎週配信,R,,
2026-05-14,木,11,コロナ禍_事務_首都圏,2.5,毎週配信,R,,
2026-05-14,木,10,フルリモートランキング,0.5,毎週配信,R,,
2026-05-14,木,9,ランキング_営業（BtoB）_希望,0.3,毎週配信,R,,
2026-05-14,木,9,ランキング_事務（秘書）_希望,0.9,毎週配信,R,,
2026-05-14,木,14,リモートワーク A_35歳以上,1.1,毎週配信,R,,
2026-05-14,木,15,営業（マーケ）_希望,0.4,毎週配信,R,,
2026-05-14,木,8,応募から1日_好条件営業ランキング,0.1,毎週配信,R,,
2026-05-14,木,21,応募から1日_好条件事務ランキング,0.1,毎週配信,R,,
2026-05-14,木,21,応募から3日会員,0.1,毎週配信,R,,
2026-05-14,木,12,応募ランキング B,3.5,毎週配信,R,,
2026-05-14,木,12,応募ランキングB_全国,3.4,毎週配信,R,,
2026-05-14,木,21,学歴不問×大手上場企業,1.3,毎週配信,R,,
2026-05-14,木,14,関西‗リモート×フレックス,1.2,毎週配信,部,武,
2026-05-14,木,9,関西限定求人特集,1.1,毎週配信,R,,
2026-05-14,木,12,丸の内・大手町・有楽町_残業少_事務,0.9,毎週配信,R,,
2026-05-14,木,10,経験活かせる_営業,0.6,毎週配信,R,,
2026-05-14,木,10,経験活かせる_事務,1.4,毎週配信,R,,
2026-05-14,木,12,資格活かせる_簿記,0.3,毎週配信,R,,
2026-05-14,木,15,事務（その他）_希望,0.4,毎週配信,R,,
2026-05-14,木,20,事務職 A,1.3,毎週配信,R,,
2026-05-14,木,20,事務職_35歳以上 A_ランキング,1,毎週配信,R,,
2026-05-14,木,20,事務職_関西 A,1,毎週配信,R,,
2026-05-14,木,20,首都圏_フルリモート_求人特集,3.9,毎週配信,R,,
2026-05-14,木,12,新規会員向け_自己PR不要_求人特集,0.2,毎週配信,R,,
2026-05-14,木,8,新着_クリエイティブ,0.4,毎週配信,R,,
2026-05-14,木,8,新着_企画営業,0.9,毎週配信,R,,
2026-05-14,木,8,新着_経理,0.5,毎週配信,R,,
2026-05-14,木,8,新着_事務,2.5,毎週配信,R,,
2026-05-14,木,8,新着_人事,0.6,毎週配信,R,,
2026-05-14,木,21,新働きやすさ_A,2,毎週配信,R,,
2026-05-14,木,21,新働きやすさ_A_関西,0.8,毎週配信,R,,
2026-05-14,木,17,単独求人訴求メルマガ_C,2.3,毎週配信,石,武,
2026-05-14,木,17,東海_リモート,0.6,毎週配信,R,,
2026-05-14,木,20,当日新規会員,0.1,毎週配信,荒,内,
2026-05-14,木,16,年休130日以上_残業10時間以下,2.1,毎週配信,R,,
2026-05-14,木,8,年収500万以上_未経験歓迎,0.6,毎週配信,R,,
2026-05-14,木,21,髪色・服装自由_事務,1.8,毎週配信,R,,
2026-05-14,木,10,副業OK,4.4,毎週配信,R,,
2026-05-14,木,20,未経験_研修・資格_クリエイティブ系_埼玉神奈川千葉,0.3,毎週配信,R,,
2026-05-14,木,20,未経験_研修・資格_クリエイティブ系_東京,0.3,毎週配信,R,,
2026-05-14,木,19,未経験エンジニア希望向け_首都圏,0.4,毎週配信,R,,
2026-05-15,金,20,２回目転職×称号,0.9,隔週A,部,石,
2026-05-15,金,19,TP部_リモート×未経験OKの求人特集,1.9,隔週A,部,石,
2026-05-15,金,13,外部人気求人ランキング,1.4,隔週A,石,部,
2026-05-15,金,12,★新着総合_首都圏 B,5,毎週配信,荒,平,
2026-05-15,金,12,★新着総合_西日本 B,2.9,毎週配信,荒,平,
2026-05-15,金,12,★新着総合_東海 B,1,毎週配信,荒,平,
2026-05-15,金,12,★新着総合_北海道・東北 B,0.8,毎週配信,荒,平,
2026-05-15,金,12,★新着総合_北関東・甲信越・北陸 B,0.7,毎週配信,荒,平,
2026-05-15,金,17,☆Womantype[全],5,毎週配信,内,平,
2026-05-15,金,9,40~60代活躍中,1.5,毎週配信,石,武,
2026-05-15,金,21,ウルトラ好条件,6.7,毎週配信,R,,
2026-05-15,金,11,クリエイティブ（その他）_希望,0.3,毎週配信,R,,
2026-05-15,金,8,データ入力×リモートOK,1.8,毎週配信,R,,
2026-05-15,金,14,フルリモート_全国,3.7,毎週配信,R,,
2026-05-15,金,8,フルリモート×好条件,5.7,毎週配信,部,石,
2026-05-15,金,9,ランキング_事務（経理）_希望,0.4,毎週配信,R,,
2026-05-15,金,15,リモート手当あり,4.7,毎週配信,R,,
2026-05-15,金,15,営業（その他）_希望,0.3,毎週配信,R,,
2026-05-15,金,8,応募から1日_好条件営業ランキング,0.1,毎週配信,R,,
2026-05-15,金,21,応募から1日_好条件事務ランキング,0.1,毎週配信,R,,
2026-05-15,金,21,応募から3日会員,0.1,毎週配信,R,,
2026-05-15,金,21,希望業種_人材サービス,0.5,毎週配信,R,,
2026-05-15,金,8,既婚者,0.4,毎週配信,R,,
2026-05-15,金,19,経験_アパレル・コスメ,0.2,毎週配信,R,,
2026-05-15,金,19,経験_一般事務,0.7,毎週配信,R,,
2026-05-15,金,19,経験_営業,0.6,毎週配信,R,,
2026-05-15,金,11,今週の人気求人ランキング,5.7,毎週配信,R,,
2026-05-15,金,20,残業したくない,2.1,毎週配信,R,,
2026-05-15,金,20,残業したくない_関西,0.7,毎週配信,R,,
2026-05-15,金,10,子育手当,0.6,毎週配信,R,,
2026-05-15,金,15,事務（医療事務）_希望,0.5,毎週配信,R,,
2026-05-15,金,11,事務（広報）_希望,0.5,毎週配信,R,,
2026-05-15,金,20,住宅手当あり_首都圏,1.8,毎週配信,R,,
2026-05-15,金,20,住宅手当あり_首都圏_35歳以上,1.4,毎週配信,R,,
2026-05-15,金,20,当日新規会員,0.1,毎週配信,荒,内,
2026-05-15,金,8,梅田で働く,0.8,毎週配信,R,,
2026-05-15,金,8,未婚者,0.4,毎週配信,R,,
2026-05-16,土,11,フレックス_ランキング,2,隔週A,石,福,
2026-05-16,土,17,京都市で働く,0.2,隔週A,部,武,
2026-05-16,土,17,熊本市で働く,0.1,隔週A,部,武,
2026-05-16,土,17,広島市で働く,0.1,隔週A,部,武,
2026-05-16,土,12,高層ビルで働く_首都圏,1.6,隔週A,部,石,
2026-05-16,土,12,高層ビルで働く_大阪,0.5,隔週A,部,石,
2026-05-16,土,19,美容業界×未経験歓迎,0.3,隔週A,部,石,
2026-05-16,土,8,★求人特集(35歳未満） B,7,毎週配信,平,荒,
2026-05-16,土,14,☆横浜,4,毎週配信,平,荒,
2026-05-16,土,16,☆救済メルマガ(UP10),4,毎週配信,平,荒,
2026-05-16,土,20,35歳以上向け B,1.1,毎週配信,R,,
2026-05-16,土,20,35歳以上向け_関西 B,0.3,毎週配信,R,,
2026-05-16,土,20,35歳未満_PV多い求人,1,毎週配信,R,,
2026-05-16,土,9,NPS取得アンケート,0.3,毎週配信,R,,
2026-05-16,土,19,フルリモート×未経験歓迎,6.7,毎週配信,R,,
2026-05-16,土,13,ランキング_営業（キャリアカウンセラー）_希望,0.3,毎週配信,R,,
2026-05-16,土,13,ランキング_事務（総務・人事）_希望,0.9,毎週配信,R,,
2026-05-16,土,8,応募から1日_好条件営業ランキング,0.1,毎週配信,R,,
2026-05-16,土,21,応募から1日_好条件事務ランキング,0.1,毎週配信,R,,
2026-05-16,土,21,応募から3日会員,0.1,毎週配信,R,,
2026-05-16,土,17,横浜駅で働く,1.2,毎週配信,R,,
2026-05-16,土,18,関西限定事務求人特集,0.6,毎週配信,R,,
2026-05-16,土,21,月給30万以上_ランキング,1.7,毎週配信,R,,
2026-05-16,土,21,検討中ランキング_クリエイティブ,0.3,毎週配信,R,,
2026-05-16,土,10,検討中ランキング_事務,0.9,毎週配信,R,,
2026-05-16,土,21,検討中ランキング_販サ,0.4,毎週配信,R,,
2026-05-16,土,17,札幌駅で働く,0.2,毎週配信,R,,
2026-05-16,土,21,事務（一般事務）_希望,1.3,毎週配信,R,,
2026-05-16,土,15,事務（貿易事務）_希望,0.4,毎週配信,R,,
2026-05-16,土,12,趣味・興味メルマガ_B,1,毎週配信,R,,
2026-05-16,土,18,賞与3ヶ月以上×リモート_ランキング,2.5,毎週配信,R,,
2026-05-16,土,17,新大阪駅・本町駅で働く,0.9,毎週配信,R,,
2026-05-16,土,17,仙台駅で働く,0.2,毎週配信,R,,
2026-05-16,土,17,大宮浦和で働く,0.8,毎週配信,R,,
2026-05-16,土,9,単独求人訴求メルマガ_A,2.1,毎週配信,武,部,
2026-05-16,土,20,当日新規会員,0.1,毎週配信,荒,内,
2026-05-16,土,17,博多区で働く,0.4,毎週配信,R,,
2026-05-16,土,15,販サ（フロント）_希望,0.3,毎週配信,R,,
2026-05-17,日,18,コスメ業界_希望,0.3,隔週A,部,石,
2026-05-17,日,13,関西_フルリモート_求人特集,1.6,隔週A,部,石,
2026-05-17,日,12,★ウキポリ[全],10,毎週配信,平,荒,
2026-05-17,日,17,☆IT派遣［全］,2.6,毎週配信,内,平,
2026-05-17,日,19,☆TP部メルマガ,1.3,毎週配信,荒,平,
2026-05-17,日,19,☆TP部メルマガ_未就業,0.5,毎週配信,荒,平,
2026-05-17,日,8,40代再就職,0.9,毎週配信,R,,
2026-05-17,日,8,40代再就職_関西,0.4,毎週配信,R,,
2026-05-17,日,9,これから人気×エンジニア,0.2,毎週配信,R,,
2026-05-17,日,9,これから人気×リモート,0.6,毎週配信,R,,
2026-05-17,日,9,これから人気×リモート×営業,0.3,毎週配信,R,,
2026-05-17,日,9,これから人気×販サ,0.2,毎週配信,R,,
2026-05-17,日,18,プライベート重視_35歳以上,0.9,毎週配信,R,,
2026-05-17,日,13,フルリモート_35歳以上,2.1,毎週配信,R,,
2026-05-17,日,19,ランキング_販サ（フロント）_希望,0.3,毎週配信,R,,
2026-05-17,日,21,リモート_ランキング,2.5,毎週配信,R,,
2026-05-17,日,20,異業種提案_事務,2.1,毎週配信,R,,
2026-05-17,日,8,応募から1日_好条件営業ランキング,0.1,毎週配信,R,,
2026-05-17,日,21,応募から1日_好条件事務ランキング,0.1,毎週配信,R,,
2026-05-17,日,21,応募から3日会員,0.1,毎週配信,R,,
2026-05-17,日,9,応募ランキング C,4.5,毎週配信,R,,
2026-05-17,日,11,関西単独求人メルマガ_B,0.7,毎週配信,武,部,
2026-05-17,日,18,月曜日はリモート×フレックスで働く,2.3,毎週配信,R,,
2026-05-17,日,10,語学を活かせる,0.4,毎週配信,R,,
2026-05-17,日,17,事務・営業職経験者向け,0.7,毎週配信,R,,
2026-05-17,日,11,事務（営業事務）_希望,1,毎週配信,R,,
2026-05-17,日,19,上場_営業経験,0.7,毎週配信,R,,
2026-05-17,日,19,上場_事務経験,1.9,毎週配信,R,,
2026-05-17,日,19,上場_販サ経験,1.4,毎週配信,R,,
2026-05-17,日,8,人気検索KW_事務系希望,0.6,毎週配信,R,,
2026-05-17,日,20,正社員_関西,1.6,毎週配信,R,,
2026-05-17,日,20,当日新規会員,0.1,毎週配信,荒,内,
2026-05-17,日,21,名駅・栄駅で働く,0.6,毎週配信,R,,
2026-05-18,月,19,超好条件_営業,0.9,隔週A,部,石,
2026-05-18,月,12,未経験OK_専門性の高い事務,1.4,隔週A,部,石,
2026-05-18,月,8,◇掲載終了前+UP_35歳以上 B,1,毎週配信,内,荒,
2026-05-18,月,8,◇掲載終了前+UP_関西 B,1,毎週配信,内,荒,
2026-05-18,月,12,★納品対策,7,毎週配信,平,荒,
2026-05-18,月,10,☆TP部_事務_希望地,3.6,毎週配信,部,石,
2026-05-18,月,14,☆関西,1.4,毎週配信,平,荒,
2026-05-18,月,14,☆東海,0.5,毎週配信,平,荒,
2026-05-18,月,20,36歳以上正社員求人,2,毎週配信,R,,
2026-05-18,月,8,webデザイナー×未経験歓迎_希望,0.6,毎週配信,R,,
2026-05-18,月,11,クリエイティブ総合ランキング,0.8,毎週配信,R,,
2026-05-18,月,21,フルフレックス,3.1,毎週配信,R,,
2026-05-18,月,15,ランキング_事務（医療事務）_希望,0.2,毎週配信,R,,
2026-05-18,月,9,ランキング_事務（広報）_希望,0.3,毎週配信,R,,
2026-05-18,月,13,リモートワーク B,2.4,毎週配信,R,,
2026-05-18,月,21,営業_カタカナ職業,0.8,毎週配信,R,,
2026-05-18,月,15,営業（キャリアカウンセラー）_希望,0.2,毎週配信,R,,
2026-05-18,月,8,応募から1日_好条件営業ランキング,0.1,毎週配信,R,,
2026-05-18,月,21,応募から1日_好条件事務ランキング,0.1,毎週配信,R,,
2026-05-18,月,21,応募から3日会員,0.1,毎週配信,R,,
2026-05-18,月,11,関西_未経験リモート_事務,0.7,毎週配信,R,,
2026-05-18,月,19,関西‗超好条件_事務,0.7,毎週配信,部,武,
2026-05-18,月,14,希望勤務地_埼玉,0.7,毎週配信,R,,
2026-05-18,月,14,希望勤務地_千葉,0.7,毎週配信,R,,
2026-05-18,月,14,希望勤務地_東京,1.9,毎週配信,R,,
2026-05-18,月,20,広報・マーケティング_リモート_未経験,1,毎週配信,R,,
2026-05-18,月,8,高収入_リモート_営業,1.2,毎週配信,R,,
2026-05-18,月,8,高収入_リモート_事務,3,毎週配信,R,,
2026-05-18,月,20,国認定企業,1.6,毎週配信,R,,
2026-05-18,月,18,事務_経験_35歳以上_首都圏版,0.1,毎週配信,R,,
2026-05-18,月,18,事務_未経験_35歳以上_首都圏版,0.1,毎週配信,R,,
2026-05-18,月,18,事務_未経験_休眠会員_首都圏版,1,毎週配信,R,,
2026-05-18,月,16,事務職 B,1.7,毎週配信,R,,
2026-05-18,月,16,事務職_35歳以上 B,3,毎週配信,R,,
2026-05-18,月,16,事務職_関西 B,1,毎週配信,R,,
2026-05-18,月,19,自己PR不要_35歳以上,0.4,毎週配信,R,,
2026-05-18,月,18,自己PR不要_フルリモート,2.2,毎週配信,R,,
2026-05-18,月,20,新規会員向け_フルリモート×未経験歓迎,0.4,毎週配信,R,,
2026-05-18,月,19,全国_超好条件_事務,1,毎週配信,R,,
2026-05-18,月,14,大手・上場企業×事務,1,毎週配信,R,,
2026-05-18,月,17,単独求人訴求メルマガ_C,3,毎週配信,石,武,
2026-05-18,月,18,中国地方で働く,0.2,毎週配信,R,,
2026-05-18,月,19,超好条件_エンジニア,0.4,毎週配信,部,石,
2026-05-18,月,9,直近新規登録会員向け,1.3,毎週配信,R,,
2026-05-18,月,20,当日新規会員,0.1,毎週配信,荒,内,
2026-05-18,月,9,年収600万円以上,0.3,毎週配信,R,,
2026-05-18,月,13,美容業界×事務_希望,0.3,毎週配信,R,,
2026-05-18,月,20,不動産×事務,0.2,毎週配信,R,,
2026-05-18,月,8,◇掲載終了前+UP B,2,毎週配信,内,荒,
2026-05-19,火,17,◇応募ランキング A,0.7,毎週配信,荒,平,
2026-05-19,火,12,★新着総合_首都圏 A,5,毎週配信,荒,平,
2026-05-19,火,12,★新着総合_西日本 A,2.9,毎週配信,荒,平,
2026-05-19,火,12,★新着総合_東海 A,1,毎週配信,荒,平,
2026-05-19,火,12,★新着総合_北海道・東北 A,0.8,毎週配信,荒,平,
2026-05-19,火,12,★新着総合_北関東・甲信越・北陸 A,0.7,毎週配信,荒,平,
2026-05-19,火,18,☆エンジニア_経験_首都圏版,0.1,毎週配信,部,内,
2026-05-19,火,18,☆エンジニア_未経験_首都圏版,0.4,毎週配信,部,内,
2026-05-19,火,16,35歳以上向け A,1,毎週配信,R,,
2026-05-19,火,19,35歳以上向け_関西 A,0.3,毎週配信,R,,
2026-05-19,火,19,40代ラスト転職,0.9,毎週配信,R,,
2026-05-19,火,19,TP部_営業_現住所,2,毎週配信,R,,
2026-05-19,火,21,WEB面接・コロナ対策,9.3,毎週配信,R,,
2026-05-19,火,19,フルリモート_全国_エンジニア,1.3,毎週配信,R,,
2026-05-19,火,19,フルリモート_全国_営業,1.8,毎週配信,R,,
2026-05-19,火,19,フルリモート_全国_事務,5.5,毎週配信,R,,
2026-05-19,火,9,ランキング_クリエイティブ（Web）_希望,0.5,毎週配信,R,,
2026-05-19,火,9,ランキング_営業（マーケ）_希望,0.5,毎週配信,R,,
2026-05-19,火,9,ランキング_事務（一般事務）_希望,1.5,毎週配信,R,,
2026-05-19,火,21,ランキング_事務（貿易事務）_希望,0.4,毎週配信,R,,
2026-05-19,火,16,育児両立_フレックス,0.6,毎週配信,R,,
2026-05-19,火,8,応募から1日_好条件営業ランキング,0.1,毎週配信,R,,
2026-05-19,火,21,応募から1日_好条件事務ランキング,0.1,毎週配信,R,,
2026-05-19,火,21,応募から3日会員,0.1,毎週配信,R,,
2026-05-19,火,8,快適な在宅ワーク,4.3,毎週配信,石,部,
2026-05-19,火,8,関西_自己PR不要_リモート未経験_事務,0.2,毎週配信,R,,
2026-05-19,火,15,好条件×業務委託,0.4,毎週配信,部,武,
2026-05-19,火,15,好条件×契約社員,1.2,毎週配信,R,,
2026-05-19,火,10,事務_販サ経験者向け_東京,0.4,毎週配信,R,,
2026-05-19,火,11,事務（経理）_希望,0.5,毎週配信,R,,
2026-05-19,火,8,推し活_残業なし_休日120日以上_月給30万以上,1.2,毎週配信,R,,
2026-05-19,火,17,仙台_リモートOK_未経験,0.2,毎週配信,R,,
2026-05-19,火,17,大阪_リモートOK_未経験,0.7,毎週配信,R,,
2026-05-19,火,17,単独求人訴求メルマガ_B,2.9,毎週配信,武,部,
2026-05-19,火,20,当日新規会員,0.1,毎週配信,荒,内,
2026-05-19,火,17,福岡_リモートOK_未経験,0.4,毎週配信,R,,
2026-05-19,火,14,福祉事務,1.2,毎週配信,R,,
2026-05-19,火,14,福祉事務_35歳以上,1,毎週配信,R,,
2026-05-19,火,19,未経験_研修・資格_事務系_関西,0.3,毎週配信,R,,
2026-05-19,火,19,未経験_研修・資格_事務系_首都圏,1.3,毎週配信,R,,
2026-05-19,火,14,未経験向け急募求人_クリエイティブ,0.5,毎週配信,R,,
2026-05-19,火,14,未経験向け急募求人_営業,0.5,毎週配信,R,,
2026-05-19,火,14,未経験向け急募求人_事務,1,毎週配信,R,,
2026-05-19,火,10,面接1回,1.5,毎週配信,R,,
2026-05-19,火,10,面接1回_35歳以上,1,毎週配信,R,,
2026-05-20,水,21,◇ウキにしか掲載していない求人,6.9,毎週配信,部,武,
2026-05-20,水,13,◇掲載終了前+UP A,2.5,毎週配信,平,内,
2026-05-20,水,13,◇掲載終了前+UP_35歳以上 A,1,毎週配信,平,内,
2026-05-20,水,13,◇掲載終了前+UP_関西 A,1,毎週配信,平,内,
2026-05-20,水,8,★求人特集(35歳未満) A,7,毎週配信,平,荒,
2026-05-20,水,18,☆営業_経験_首都圏版,0.1,毎週配信,部,荒,
2026-05-20,水,18,☆営業_未経験_首都圏版,0.3,毎週配信,部,荒,
2026-05-20,水,17,☆推進課,3,毎週配信,荒,平,
2026-05-20,水,17,☆推進課_35歳以上,1,毎週配信,荒,平,
2026-05-20,水,17,☆推進課_関西,1,毎週配信,荒,平,
2026-05-20,水,10,40代未経験_正社員,2.3,毎週配信,R,,
2026-05-20,水,8,50代事務,0.4,毎週配信,部,石,
2026-05-20,水,20,これから人気,1,毎週配信,R,,
2026-05-20,水,19,フルリモート×正社員,3,毎週配信,R,,
2026-05-20,水,20,ユニークな福利厚生制度_B,1.2,毎週配信,R,,
2026-05-20,水,9,ランキング_エンジニア（IT系）_希望,0.3,毎週配信,R,,
2026-05-20,水,9,ランキング_クリエイティブ（その他）_希望,0.4,毎週配信,R,,
2026-05-20,水,9,ランキング_営業（その他）_希望,0.4,毎週配信,R,,
2026-05-20,水,9,ランキング_事務（営業事務）_希望,1,毎週配信,R,,
2026-05-20,水,15,営業（コールセンター）_希望,0.2,毎週配信,R,,
2026-05-20,水,18,駅直結_事務,1.7,毎週配信,R,,
2026-05-20,水,8,応募から1日_好条件営業ランキング,0.1,毎週配信,R,,
2026-05-20,水,21,応募から1日_好条件事務ランキング,0.1,毎週配信,R,,
2026-05-20,水,21,応募から3日会員,0.1,毎週配信,R,,
2026-05-20,水,13,関西単独求人メルマガ_A,0.4,毎週配信,武,部,
2026-05-20,水,12,休日120日_就業中_関西,0.7,毎週配信,R,,
2026-05-20,水,12,休日120日_未就業,0.7,毎週配信,R,,
2026-05-20,水,17,掲載終了間近_人気求人ランキング,3.1,毎週配信,武,部,
2026-05-20,水,9,裁量労働制,1.1,毎週配信,R,,
2026-05-20,水,10,子育て支援,0.6,毎週配信,R,,
2026-05-20,水,15,事務（金融関連）_希望,0.3,毎週配信,R,,
2026-05-20,水,11,事務（総務・人事）_希望,1.1,毎週配信,R,,
2026-05-20,水,9,時短×リモート,0.6,毎週配信,R,,
2026-05-20,水,12,自己PR不要_リモート未経験_エンジニア,0.2,毎週配信,R,,
2026-05-20,水,12,自己PR不要_リモート未経験_営業,0.3,毎週配信,R,,
2026-05-20,水,12,自己PR不要_リモート未経験_事務,2.5,毎週配信,R,,
2026-05-20,水,12,自己PR不要_残業無_未経験_販サ,0.3,毎週配信,R,,
2026-05-20,水,10,趣味・興味メルマガ_A,1,毎週配信,R,,
2026-05-20,水,19,渋谷・恵比寿勤務_事務,1.2,毎週配信,R,,
2026-05-20,水,20,大手上場_35歳以上 A,1,毎週配信,R,,
2026-05-20,水,20,大手上場_関西 A,1,毎週配信,R,,
2026-05-20,水,20,大手上場_第二新卒 A,0.7,毎週配信,R,,
2026-05-20,水,15,転職回数不問,1.8,毎週配信,R,,
2026-05-20,水,20,当日新規会員,0.1,毎週配信,荒,内,
2026-05-20,水,21,年収UP_営業,0.6,毎週配信,R,,
2026-05-20,水,16,年収UP_関西,1,毎週配信,R,,
2026-05-20,水,21,年収UP_事務,1.5,毎週配信,R,,
2026-05-20,水,21,年収UP_販サ,0.6,毎週配信,R,,
2026-05-20,水,16,副業OK×リモート_ランキング,2.8,毎週配信,R,,
2026-05-20,水,19,未経験_研修・資格_エンジニア系_首都圏,0.3,毎週配信,R,,
2026-05-20,水,19,六本木勤務,2,毎週配信,R,,
2026-05-21,木,13,☆TP部_事務_現住所,2.4,毎週配信,部,石,
2026-05-21,木,18,☆販サ_経験_35歳以上_首都圏版,0.1,毎週配信,部,平,
2026-05-21,木,18,☆販サ_経験_35歳以上_全国版,0.2,毎週配信,部,平,
2026-05-21,木,18,☆販サ_経験_首都圏版,0.2,毎週配信,部,平,
2026-05-21,木,18,☆販サ_経験_全国版,0.3,毎週配信,部,平,
2026-05-21,木,18,☆販サ_未経験_35歳以上_首都圏版,0.2,毎週配信,部,平,
2026-05-21,木,18,☆販サ_未経験_首都圏版,0.3,毎週配信,部,平,
2026-05-21,木,18,40代事務ランキング,0.4,毎週配信,石,部,
2026-05-21,木,16,エンジニア限定_単独求人メルマガ,0.5,毎週配信,武,部,
2026-05-21,木,11,クリエイティブ（Web）_希望,0.4,毎週配信,R,,
2026-05-21,木,11,コロナ禍_事務_首都圏,2.5,毎週配信,R,,
2026-05-21,木,10,フルリモートランキング,0.5,毎週配信,R,,
2026-05-21,木,9,ランキング_営業（BtoB）_希望,0.3,毎週配信,R,,
2026-05-21,木,9,ランキング_事務（秘書）_希望,0.9,毎週配信,R,,
2026-05-21,木,14,リモートワーク A_35歳以上,1.1,毎週配信,R,,
2026-05-21,木,15,営業（マーケ）_希望,0.4,毎週配信,R,,
2026-05-21,木,8,応募から1日_好条件営業ランキング,0.1,毎週配信,R,,
2026-05-21,木,21,応募から1日_好条件事務ランキング,0.1,毎週配信,R,,
2026-05-21,木,21,応募から3日会員,0.1,毎週配信,R,,
2026-05-21,木,12,応募ランキング B,3.5,毎週配信,R,,
2026-05-21,木,12,応募ランキングB_全国,3.4,毎週配信,R,,
2026-05-21,木,21,学歴不問×大手上場企業,1.3,毎週配信,R,,
2026-05-21,木,14,関西‗リモート×フレックス,1.2,毎週配信,部,武,
2026-05-21,木,9,関西限定求人特集,1.1,毎週配信,R,,
2026-05-21,木,12,丸の内・大手町・有楽町_残業少_事務,0.9,毎週配信,R,,
2026-05-21,木,10,経験活かせる_営業,0.6,毎週配信,R,,
2026-05-21,木,10,経験活かせる_事務,1.4,毎週配信,R,,
2026-05-21,木,12,資格活かせる_簿記,0.3,毎週配信,R,,
2026-05-21,木,15,事務（その他）_希望,0.4,毎週配信,R,,
2026-05-21,木,20,事務職 A,1.3,毎週配信,R,,
2026-05-21,木,20,事務職_35歳以上 A_ランキング,1,毎週配信,R,,
2026-05-21,木,20,事務職_関西 A,1,毎週配信,R,,
2026-05-21,木,20,首都圏_フルリモート_求人特集,3.9,毎週配信,R,,
2026-05-21,木,12,新規会員向け_自己PR不要_求人特集,0.2,毎週配信,R,,
2026-05-21,木,8,新着_クリエイティブ,0.4,毎週配信,R,,
2026-05-21,木,8,新着_企画営業,0.9,毎週配信,R,,
2026-05-21,木,8,新着_経理,0.5,毎週配信,R,,
2026-05-21,木,8,新着_事務,2.5,毎週配信,R,,
2026-05-21,木,8,新着_人事,0.6,毎週配信,R,,
2026-05-21,木,21,新働きやすさ_A,2,毎週配信,R,,
2026-05-21,木,21,新働きやすさ_A_関西,0.8,毎週配信,R,,
2026-05-21,木,17,単独求人訴求メルマガ_C,2.3,毎週配信,石,武,
2026-05-21,木,17,東海_リモート,0.6,毎週配信,R,,
2026-05-21,木,20,当日新規会員,0.1,毎週配信,荒,内,
2026-05-21,木,16,年休130日以上_残業10時間以下,2.1,毎週配信,R,,
2026-05-21,木,8,年収500万以上_未経験歓迎,0.6,毎週配信,R,,
2026-05-21,木,21,髪色・服装自由_事務,1.8,毎週配信,R,,
2026-05-21,木,10,副業OK,4.4,毎週配信,R,,
2026-05-21,木,20,未経験_研修・資格_クリエイティブ系_埼玉神奈川千葉,0.3,毎週配信,R,,
2026-05-21,木,20,未経験_研修・資格_クリエイティブ系_東京,0.3,毎週配信,R,,
2026-05-21,木,19,未経験エンジニア希望向け_首都圏,0.4,毎週配信,R,,
2026-05-22,金,12,★新着総合_首都圏 B,5,毎週配信,荒,平,
2026-05-22,金,12,★新着総合_西日本 B,2.9,毎週配信,荒,平,
2026-05-22,金,12,★新着総合_東海 B,1,毎週配信,荒,平,
2026-05-22,金,12,★新着総合_北海道・東北 B,0.8,毎週配信,荒,平,
2026-05-22,金,12,★新着総合_北関東・甲信越・北陸 B,0.7,毎週配信,荒,平,
2026-05-22,金,17,☆Womantype[全],5,毎週配信,内,平,
2026-05-22,金,9,40~60代活躍中,1.5,毎週配信,石,武,
2026-05-22,金,21,ウルトラ好条件,6.7,毎週配信,R,,
2026-05-22,金,11,クリエイティブ（その他）_希望,0.3,毎週配信,R,,
2026-05-22,金,8,データ入力×リモートOK,1.8,毎週配信,R,,
2026-05-22,金,14,フルリモート_全国,3.7,毎週配信,R,,
2026-05-22,金,8,フルリモート×好条件,5.7,毎週配信,部,石,
2026-05-22,金,9,ランキング_事務（経理）_希望,0.4,毎週配信,R,,
2026-05-22,金,15,リモート手当あり,4.7,毎週配信,R,,
2026-05-22,金,15,営業（その他）_希望,0.3,毎週配信,R,,
2026-05-22,金,8,応募から1日_好条件営業ランキング,0.1,毎週配信,R,,
2026-05-22,金,21,応募から1日_好条件事務ランキング,0.1,毎週配信,R,,
2026-05-22,金,21,応募から3日会員,0.1,毎週配信,R,,
2026-05-22,金,21,希望業種_人材サービス,0.5,毎週配信,R,,
2026-05-22,金,8,既婚者,0.4,毎週配信,R,,
2026-05-22,金,19,経験_アパレル・コスメ,0.2,毎週配信,R,,
2026-05-22,金,19,経験_一般事務,0.7,毎週配信,R,,
2026-05-22,金,19,経験_営業,0.6,毎週配信,R,,
2026-05-22,金,11,今週の人気求人ランキング,5.7,毎週配信,R,,
2026-05-22,金,20,残業したくない,2.1,毎週配信,R,,
2026-05-22,金,20,残業したくない_関西,0.7,毎週配信,R,,
2026-05-22,金,10,子育手当,0.6,毎週配信,R,,
2026-05-22,金,15,事務（医療事務）_希望,0.5,毎週配信,R,,
2026-05-22,金,11,事務（広報）_希望,0.5,毎週配信,R,,
2026-05-22,金,20,住宅手当あり_首都圏,1.8,毎週配信,R,,
2026-05-22,金,20,住宅手当あり_首都圏_35歳以上,1.4,毎週配信,R,,
2026-05-22,金,20,当日新規会員,0.1,毎週配信,荒,内,
2026-05-22,金,8,梅田で働く,0.8,毎週配信,R,,
2026-05-22,金,8,未婚者,0.4,毎週配信,R,,
2026-05-23,土,8,★求人特集(35歳未満） B,7,毎週配信,平,荒,
2026-05-23,土,14,☆横浜,4,毎週配信,平,荒,
2026-05-23,土,16,☆救済メルマガ(UP10),4,毎週配信,平,荒,
2026-05-23,土,20,35歳以上向け B,1.1,毎週配信,R,,
2026-05-23,土,20,35歳以上向け_関西 B,0.3,毎週配信,R,,
2026-05-23,土,20,35歳未満_PV多い求人,1,毎週配信,R,,
2026-05-23,土,9,NPS取得アンケート,0.3,毎週配信,R,,
2026-05-23,土,19,フルリモート×未経験歓迎,6.7,毎週配信,R,,
2026-05-23,土,13,ランキング_営業（キャリアカウンセラー）_希望,0.3,毎週配信,R,,
2026-05-23,土,13,ランキング_事務（総務・人事）_希望,0.9,毎週配信,R,,
2026-05-23,土,8,応募から1日_好条件営業ランキング,0.1,毎週配信,R,,
2026-05-23,土,21,応募から1日_好条件事務ランキング,0.1,毎週配信,R,,
2026-05-23,土,21,応募から3日会員,0.1,毎週配信,R,,
2026-05-23,土,17,横浜駅で働く,1.2,毎週配信,R,,
2026-05-23,土,18,関西限定事務求人特集,0.6,毎週配信,R,,
2026-05-23,土,21,月給30万以上_ランキング,1.7,毎週配信,R,,
2026-05-23,土,21,検討中ランキング_クリエイティブ,0.3,毎週配信,R,,
2026-05-23,土,10,検討中ランキング_事務,0.9,毎週配信,R,,
2026-05-23,土,21,検討中ランキング_販サ,0.4,毎週配信,R,,
2026-05-23,土,17,札幌駅で働く,0.2,毎週配信,R,,
2026-05-23,土,21,事務（一般事務）_希望,1.3,毎週配信,R,,
2026-05-23,土,15,事務（貿易事務）_希望,0.4,毎週配信,R,,
2026-05-23,土,12,趣味・興味メルマガ_B,1,毎週配信,R,,
2026-05-23,土,18,賞与3ヶ月以上×リモート_ランキング,2.5,毎週配信,R,,
2026-05-23,土,17,新大阪駅・本町駅で働く,0.9,毎週配信,R,,
2026-05-23,土,17,仙台駅で働く,0.2,毎週配信,R,,
2026-05-23,土,17,大宮浦和で働く,0.8,毎週配信,R,,
2026-05-23,土,9,単独求人訴求メルマガ_A,2.1,毎週配信,武,部,
2026-05-23,土,20,当日新規会員,0.1,毎週配信,荒,内,
2026-05-23,土,17,博多区で働く,0.4,毎週配信,R,,
2026-05-23,土,15,販サ（フロント）_希望,0.3,毎週配信,R,,
2026-05-24,日,12,★ウキポリ[全],10,毎週配信,平,荒,
2026-05-24,日,17,☆IT派遣［全］,2.6,毎週配信,内,平,
2026-05-24,日,19,☆TP部メルマガ,1.3,毎週配信,荒,平,
2026-05-24,日,19,☆TP部メルマガ_未就業,0.5,毎週配信,荒,平,
2026-05-24,日,8,40代再就職,0.9,毎週配信,R,,
2026-05-24,日,8,40代再就職_関西,0.4,毎週配信,R,,
2026-05-24,日,9,これから人気×エンジニア,0.2,毎週配信,R,,
2026-05-24,日,9,これから人気×リモート,0.6,毎週配信,R,,
2026-05-24,日,9,これから人気×リモート×営業,0.3,毎週配信,R,,
2026-05-24,日,9,これから人気×販サ,0.2,毎週配信,R,,
2026-05-24,日,18,プライベート重視_35歳以上,0.9,毎週配信,R,,
2026-05-24,日,13,フルリモート_35歳以上,2.1,毎週配信,R,,
2026-05-24,日,19,ランキング_販サ（フロント）_希望,0.3,毎週配信,R,,
2026-05-24,日,21,リモート_ランキング,2.5,毎週配信,R,,
2026-05-24,日,20,異業種提案_事務,2.1,毎週配信,R,,
2026-05-24,日,8,応募から1日_好条件営業ランキング,0.1,毎週配信,R,,
2026-05-24,日,21,応募から1日_好条件事務ランキング,0.1,毎週配信,R,,
2026-05-24,日,21,応募から3日会員,0.1,毎週配信,R,,
2026-05-24,日,9,応募ランキング C,4.5,毎週配信,R,,
2026-05-24,日,11,関西単独求人メルマガ_B,0.7,毎週配信,武,部,
2026-05-24,日,18,月曜日はリモート×フレックスで働く,2.3,毎週配信,R,,
2026-05-24,日,10,語学を活かせる,0.4,毎週配信,R,,
2026-05-24,日,17,事務・営業職経験者向け,0.7,毎週配信,R,,
2026-05-24,日,11,事務（営業事務）_希望,1,毎週配信,R,,
2026-05-24,日,19,上場_営業経験,0.7,毎週配信,R,,
2026-05-24,日,19,上場_事務経験,1.9,毎週配信,R,,
2026-05-24,日,19,上場_販サ経験,1.4,毎週配信,R,,
2026-05-24,日,8,人気検索KW_事務系希望,0.6,毎週配信,R,,
2026-05-24,日,20,正社員_関西,1.6,毎週配信,R,,
2026-05-24,日,20,当日新規会員,0.1,毎週配信,荒,内,
2026-05-24,日,21,名駅・栄駅で働く,0.6,毎週配信,R,,
2026-05-25,月,8,◇掲載終了前+UP_35歳以上 B,1,毎週配信,内,荒,
2026-05-25,月,8,◇掲載終了前+UP_関西 B,1,毎週配信,内,荒,
2026-05-25,月,12,★納品対策,7,毎週配信,平,荒,
2026-05-25,月,10,☆TP部_事務_希望地,3.6,毎週配信,部,石,
2026-05-25,月,14,☆関西,1.4,毎週配信,平,荒,
2026-05-25,月,14,☆東海,0.5,毎週配信,平,荒,
2026-05-25,月,20,36歳以上正社員求人,2,毎週配信,R,,
2026-05-25,月,8,webデザイナー×未経験歓迎_希望,0.6,毎週配信,R,,
2026-05-25,月,11,クリエイティブ総合ランキング,0.8,毎週配信,R,,
2026-05-25,月,21,フルフレックス,3.1,毎週配信,R,,
2026-05-25,月,15,ランキング_事務（医療事務）_希望,0.2,毎週配信,R,,
2026-05-25,月,9,ランキング_事務（広報）_希望,0.3,毎週配信,R,,
2026-05-25,月,13,リモートワーク B,2.4,毎週配信,R,,
2026-05-25,月,21,営業_カタカナ職業,0.8,毎週配信,R,,
2026-05-25,月,15,営業（キャリアカウンセラー）_希望,0.2,毎週配信,R,,
2026-05-25,月,8,応募から1日_好条件営業ランキング,0.1,毎週配信,R,,
2026-05-25,月,21,応募から1日_好条件事務ランキング,0.1,毎週配信,R,,
2026-05-25,月,21,応募から3日会員,0.1,毎週配信,R,,
2026-05-25,月,11,関西_未経験リモート_事務,0.7,毎週配信,R,,
2026-05-25,月,19,関西‗超好条件_事務,0.7,毎週配信,部,武,
2026-05-25,月,14,希望勤務地_埼玉,0.7,毎週配信,R,,
2026-05-25,月,14,希望勤務地_千葉,0.7,毎週配信,R,,
2026-05-25,月,14,希望勤務地_東京,1.9,毎週配信,R,,
2026-05-25,月,20,広報・マーケティング_リモート_未経験,1,毎週配信,R,,
2026-05-25,月,8,高収入_リモート_営業,1.2,毎週配信,R,,
2026-05-25,月,8,高収入_リモート_事務,3,毎週配信,R,,
2026-05-25,月,20,国認定企業,1.6,毎週配信,R,,
2026-05-25,月,18,事務_経験_35歳以上_首都圏版,0.1,毎週配信,R,,
2026-05-25,月,18,事務_未経験_35歳以上_首都圏版,0.1,毎週配信,R,,
2026-05-25,月,18,事務_未経験_休眠会員_首都圏版,1,毎週配信,R,,
2026-05-25,月,16,事務職 B,1.7,毎週配信,R,,
2026-05-25,月,16,事務職_35歳以上 B,3,毎週配信,R,,
2026-05-25,月,16,事務職_関西 B,1,毎週配信,R,,
2026-05-25,月,19,自己PR不要_35歳以上,0.4,毎週配信,R,,
2026-05-25,月,18,自己PR不要_フルリモート,2.2,毎週配信,R,,
2026-05-25,月,20,新規会員向け_フルリモート×未経験歓迎,0.4,毎週配信,R,,
2026-05-25,月,19,全国_超好条件_事務,1,毎週配信,R,,
2026-05-25,月,14,大手・上場企業×事務,1,毎週配信,R,,
2026-05-25,月,17,単独求人訴求メルマガ_C,3,毎週配信,石,武,
2026-05-25,月,18,中国地方で働く,0.2,毎週配信,R,,
2026-05-25,月,19,超好条件_エンジニア,0.4,毎週配信,部,石,
2026-05-25,月,9,直近新規登録会員向け,1.3,毎週配信,R,,
2026-05-25,月,20,当日新規会員,0.1,毎週配信,荒,内,
2026-05-25,月,9,年収600万円以上,0.3,毎週配信,R,,
2026-05-25,月,13,美容業界×事務_希望,0.3,毎週配信,R,,
2026-05-25,月,20,不動産×事務,0.2,毎週配信,R,,
2026-05-25,月,8,◇掲載終了前+UP B,2,毎週配信,内,荒,
2026-05-26,火,15,ECサイト運用_未経験,0.7,隔週A,福,部,
2026-05-26,火,9,ランキング×WEBマーケティング,0.4,隔週A,部,石,
2026-05-26,火,17,引っ越し特典,2.3,隔週A,部,石,
2026-05-26,火,17,◇応募ランキング A,0.7,毎週配信,荒,平,
2026-05-26,火,12,★新着総合_首都圏 A,5,毎週配信,荒,平,
2026-05-26,火,12,★新着総合_西日本 A,2.9,毎週配信,荒,平,
2026-05-26,火,12,★新着総合_東海 A,1,毎週配信,荒,平,
2026-05-26,火,12,★新着総合_北海道・東北 A,0.8,毎週配信,荒,平,
2026-05-26,火,12,★新着総合_北関東・甲信越・北陸 A,0.7,毎週配信,荒,平,
2026-05-26,火,18,☆エンジニア_経験_首都圏版,0.1,毎週配信,部,内,
2026-05-26,火,18,☆エンジニア_未経験_首都圏版,0.4,毎週配信,部,内,
2026-05-26,火,16,35歳以上向け A,1,毎週配信,R,,
2026-05-26,火,19,35歳以上向け_関西 A,0.3,毎週配信,R,,
2026-05-26,火,19,40代ラスト転職,0.9,毎週配信,R,,
2026-05-26,火,19,TP部_営業_現住所,2,毎週配信,R,,
2026-05-26,火,21,WEB面接・コロナ対策,9.3,毎週配信,R,,
2026-05-26,火,19,フルリモート_全国_エンジニア,1.3,毎週配信,R,,
2026-05-26,火,19,フルリモート_全国_営業,1.8,毎週配信,R,,
2026-05-26,火,19,フルリモート_全国_事務,5.5,毎週配信,R,,
2026-05-26,火,9,ランキング_クリエイティブ（Web）_希望,0.5,毎週配信,R,,
2026-05-26,火,9,ランキング_営業（マーケ）_希望,0.5,毎週配信,R,,
2026-05-26,火,9,ランキング_事務（一般事務）_希望,1.5,毎週配信,R,,
2026-05-26,火,21,ランキング_事務（貿易事務）_希望,0.4,毎週配信,R,,
2026-05-26,火,16,育児両立_フレックス,0.6,毎週配信,R,,
2026-05-26,火,8,応募から1日_好条件営業ランキング,0.1,毎週配信,R,,
2026-05-26,火,21,応募から1日_好条件事務ランキング,0.1,毎週配信,R,,
2026-05-26,火,21,応募から3日会員,0.1,毎週配信,R,,
2026-05-26,火,8,快適な在宅ワーク,4.3,毎週配信,石,部,
2026-05-26,火,8,関西_自己PR不要_リモート未経験_事務,0.2,毎週配信,R,,
2026-05-26,火,15,好条件×業務委託,0.4,毎週配信,部,武,
2026-05-26,火,15,好条件×契約社員,1.2,毎週配信,R,,
2026-05-26,火,10,事務_販サ経験者向け_東京,0.4,毎週配信,R,,
2026-05-26,火,11,事務（経理）_希望,0.5,毎週配信,R,,
2026-05-26,火,8,推し活_残業なし_休日120日以上_月給30万以上,1.2,毎週配信,R,,
2026-05-26,火,17,仙台_リモートOK_未経験,0.2,毎週配信,R,,
2026-05-26,火,17,大阪_リモートOK_未経験,0.7,毎週配信,R,,
2026-05-26,火,17,単独求人訴求メルマガ_B,2.9,毎週配信,武,部,
2026-05-26,火,20,当日新規会員,0.1,毎週配信,荒,内,
2026-05-26,火,17,福岡_リモートOK_未経験,0.4,毎週配信,R,,
2026-05-26,火,14,福祉事務,1.2,毎週配信,R,,
2026-05-26,火,14,福祉事務_35歳以上,1,毎週配信,R,,
2026-05-26,火,19,未経験_研修・資格_事務系_関西,0.3,毎週配信,R,,
2026-05-26,火,19,未経験_研修・資格_事務系_首都圏,1.3,毎週配信,R,,
2026-05-26,火,14,未経験向け急募求人_クリエイティブ,0.5,毎週配信,R,,
2026-05-26,火,14,未経験向け急募求人_営業,0.5,毎週配信,R,,
2026-05-26,火,14,未経験向け急募求人_事務,1,毎週配信,R,,
2026-05-26,火,10,面接1回,1.5,毎週配信,R,,
2026-05-26,火,10,面接1回_35歳以上,1,毎週配信,R,,
2026-05-27,水,18,過去会員×フルリモート×未経験歓迎,8.5,隔週A,部,石,
2026-05-27,水,21,◇ウキにしか掲載していない求人,6.9,毎週配信,部,武,
2026-05-27,水,13,◇掲載終了前+UP A,2.5,毎週配信,平,内,
2026-05-27,水,13,◇掲載終了前+UP_35歳以上 A,1,毎週配信,平,内,
2026-05-27,水,13,◇掲載終了前+UP_関西 A,1,毎週配信,平,内,
2026-05-27,水,8,★求人特集(35歳未満) A,7,毎週配信,平,荒,
2026-05-27,水,18,☆営業_経験_首都圏版,0.1,毎週配信,部,荒,
2026-05-27,水,18,☆営業_未経験_首都圏版,0.3,毎週配信,部,荒,
2026-05-27,水,17,☆推進課,3,毎週配信,荒,平,
2026-05-27,水,17,☆推進課_35歳以上,1,毎週配信,荒,平,
2026-05-27,水,17,☆推進課_関西,1,毎週配信,荒,平,
2026-05-27,水,10,40代未経験_正社員,2.3,毎週配信,R,,
2026-05-27,水,8,50代事務,0.4,毎週配信,部,石,
2026-05-27,水,20,これから人気,1,毎週配信,R,,
2026-05-27,水,19,フルリモート×正社員,3,毎週配信,R,,
2026-05-27,水,20,ユニークな福利厚生制度_B,1.2,毎週配信,R,,
2026-05-27,水,9,ランキング_エンジニア（IT系）_希望,0.3,毎週配信,R,,
2026-05-27,水,9,ランキング_クリエイティブ（その他）_希望,0.4,毎週配信,R,,
2026-05-27,水,9,ランキング_営業（その他）_希望,0.4,毎週配信,R,,
2026-05-27,水,9,ランキング_事務（営業事務）_希望,1,毎週配信,R,,
2026-05-27,水,15,営業（コールセンター）_希望,0.2,毎週配信,R,,
2026-05-27,水,18,駅直結_事務,1.7,毎週配信,R,,
2026-05-27,水,8,応募から1日_好条件営業ランキング,0.1,毎週配信,R,,
2026-05-27,水,21,応募から1日_好条件事務ランキング,0.1,毎週配信,R,,
2026-05-27,水,21,応募から3日会員,0.1,毎週配信,R,,
2026-05-27,水,13,関西単独求人メルマガ_A,0.4,毎週配信,武,部,
2026-05-27,水,12,休日120日_就業中_関西,0.7,毎週配信,R,,
2026-05-27,水,12,休日120日_未就業,0.7,毎週配信,R,,
2026-05-27,水,17,掲載終了間近_人気求人ランキング,3.1,毎週配信,武,部,
2026-05-27,水,9,裁量労働制,1.1,毎週配信,R,,
2026-05-27,水,10,子育て支援,0.6,毎週配信,R,,
2026-05-27,水,15,事務（金融関連）_希望,0.3,毎週配信,R,,
2026-05-27,水,11,事務（総務・人事）_希望,1.1,毎週配信,R,,
2026-05-27,水,9,時短×リモート,0.6,毎週配信,R,,
2026-05-27,水,12,自己PR不要_リモート未経験_エンジニア,0.2,毎週配信,R,,
2026-05-27,水,12,自己PR不要_リモート未経験_営業,0.3,毎週配信,R,,
2026-05-27,水,12,自己PR不要_リモート未経験_事務,2.5,毎週配信,R,,
2026-05-27,水,12,自己PR不要_残業無_未経験_販サ,0.3,毎週配信,R,,
2026-05-27,水,10,趣味・興味メルマガ_A,1,毎週配信,R,,
2026-05-27,水,19,渋谷・恵比寿勤務_事務,1.2,毎週配信,R,,
2026-05-27,水,20,大手上場_35歳以上 A,1,毎週配信,R,,
2026-05-27,水,20,大手上場_関西 A,1,毎週配信,R,,
2026-05-27,水,20,大手上場_第二新卒 A,0.7,毎週配信,R,,
2026-05-27,水,15,転職回数不問,1.8,毎週配信,R,,
2026-05-27,水,20,当日新規会員,0.1,毎週配信,荒,内,
2026-05-27,水,21,年収UP_営業,0.6,毎週配信,R,,
2026-05-27,水,16,年収UP_関西,1,毎週配信,R,,
2026-05-27,水,21,年収UP_事務,1.5,毎週配信,R,,
2026-05-27,水,21,年収UP_販サ,0.6,毎週配信,R,,
2026-05-27,水,16,副業OK×リモート_ランキング,2.8,毎週配信,R,,
2026-05-27,水,19,未経験_研修・資格_エンジニア系_首都圏,0.3,毎週配信,R,,
2026-05-27,水,19,六本木勤務,2,毎週配信,R,,
2026-05-28,木,18,TP部_働きやすい企業特集,1.6,隔週A,武,部,
2026-05-28,木,19,埼玉_路線,0.7,隔週A,部,内,
2026-05-28,木,19,神奈川_路線,0.9,隔週A,部,内,
2026-05-28,木,19,千葉_路線,0.6,隔週A,部,内,
2026-05-28,木,19,大阪_路線,0.7,隔週A,部,内,
2026-05-28,木,19,東京_路線_事務,1,隔週A,部,内,
2026-05-28,木,13,☆TP部_事務_現住所,2.4,毎週配信,部,石,
2026-05-28,木,18,☆販サ_経験_35歳以上_首都圏版,0.1,毎週配信,部,平,
2026-05-28,木,18,☆販サ_経験_35歳以上_全国版,0.2,毎週配信,部,平,
2026-05-28,木,18,☆販サ_経験_首都圏版,0.2,毎週配信,部,平,
2026-05-28,木,18,☆販サ_経験_全国版,0.3,毎週配信,部,平,
2026-05-28,木,18,☆販サ_未経験_35歳以上_首都圏版,0.2,毎週配信,部,平,
2026-05-28,木,18,☆販サ_未経験_首都圏版,0.3,毎週配信,部,平,
2026-05-28,木,18,40代事務ランキング,0.4,毎週配信,石,部,
2026-05-28,木,16,エンジニア限定_単独求人メルマガ,0.5,毎週配信,武,部,
2026-05-28,木,11,クリエイティブ（Web）_希望,0.4,毎週配信,R,,
2026-05-28,木,11,コロナ禍_事務_首都圏,2.5,毎週配信,R,,
2026-05-28,木,10,フルリモートランキング,0.5,毎週配信,R,,
2026-05-28,木,9,ランキング_営業（BtoB）_希望,0.3,毎週配信,R,,
2026-05-28,木,9,ランキング_事務（秘書）_希望,0.9,毎週配信,R,,
2026-05-28,木,14,リモートワーク A_35歳以上,1.1,毎週配信,R,,
2026-05-28,木,15,営業（マーケ）_希望,0.4,毎週配信,R,,
2026-05-28,木,8,応募から1日_好条件営業ランキング,0.1,毎週配信,R,,
2026-05-28,木,21,応募から1日_好条件事務ランキング,0.1,毎週配信,R,,
2026-05-28,木,21,応募から3日会員,0.1,毎週配信,R,,
2026-05-28,木,12,応募ランキング B,3.5,毎週配信,R,,
2026-05-28,木,12,応募ランキングB_全国,3.4,毎週配信,R,,
2026-05-28,木,21,学歴不問×大手上場企業,1.3,毎週配信,R,,
2026-05-28,木,14,関西‗リモート×フレックス,1.2,毎週配信,部,武,
2026-05-28,木,9,関西限定求人特集,1.1,毎週配信,R,,
2026-05-28,木,12,丸の内・大手町・有楽町_残業少_事務,0.9,毎週配信,R,,
2026-05-28,木,10,経験活かせる_営業,0.6,毎週配信,R,,
2026-05-28,木,10,経験活かせる_事務,1.4,毎週配信,R,,
2026-05-28,木,12,資格活かせる_簿記,0.3,毎週配信,R,,
2026-05-28,木,15,事務（その他）_希望,0.4,毎週配信,R,,
2026-05-28,木,20,事務職 A,1.3,毎週配信,R,,
2026-05-28,木,20,事務職_35歳以上 A_ランキング,1,毎週配信,R,,
2026-05-28,木,20,事務職_関西 A,1,毎週配信,R,,
2026-05-28,木,20,首都圏_フルリモート_求人特集,3.9,毎週配信,R,,
2026-05-28,木,12,新規会員向け_自己PR不要_求人特集,0.2,毎週配信,R,,
2026-05-28,木,8,新着_クリエイティブ,0.4,毎週配信,R,,
2026-05-28,木,8,新着_企画営業,0.9,毎週配信,R,,
2026-05-28,木,8,新着_経理,0.5,毎週配信,R,,
2026-05-28,木,8,新着_事務,2.5,毎週配信,R,,
2026-05-28,木,8,新着_人事,0.6,毎週配信,R,,
2026-05-28,木,21,新働きやすさ_A,2,毎週配信,R,,
2026-05-28,木,21,新働きやすさ_A_関西,0.8,毎週配信,R,,
2026-05-28,木,17,単独求人訴求メルマガ_C,2.3,毎週配信,石,武,
2026-05-28,木,17,東海_リモート,0.6,毎週配信,R,,
2026-05-28,木,20,当日新規会員,0.1,毎週配信,荒,内,
2026-05-28,木,16,年休130日以上_残業10時間以下,2.1,毎週配信,R,,
2026-05-28,木,8,年収500万以上_未経験歓迎,0.6,毎週配信,R,,
2026-05-28,木,21,髪色・服装自由_事務,1.8,毎週配信,R,,
2026-05-28,木,10,副業OK,4.4,毎週配信,R,,
2026-05-28,木,20,未経験_研修・資格_クリエイティブ系_埼玉神奈川千葉,0.3,毎週配信,R,,
2026-05-28,木,20,未経験_研修・資格_クリエイティブ系_東京,0.3,毎週配信,R,,
2026-05-28,木,19,未経験エンジニア希望向け_首都圏,0.4,毎週配信,R,,
2026-05-29,金,20,２回目転職×称号,0.9,隔週A,部,石,
2026-05-29,金,19,TP部_リモート×未経験OKの求人特集,1.9,隔週A,部,石,
2026-05-29,金,13,外部人気求人ランキング,1.4,隔週A,石,部,
2026-05-29,金,12,★新着総合_首都圏 B,5,毎週配信,荒,平,
2026-05-29,金,12,★新着総合_西日本 B,2.9,毎週配信,荒,平,
2026-05-29,金,12,★新着総合_東海 B,1,毎週配信,荒,平,
2026-05-29,金,12,★新着総合_北海道・東北 B,0.8,毎週配信,荒,平,
2026-05-29,金,12,★新着総合_北関東・甲信越・北陸 B,0.7,毎週配信,荒,平,
2026-05-29,金,17,☆Womantype[全],5,毎週配信,内,平,
2026-05-29,金,9,40~60代活躍中,1.5,毎週配信,石,武,
2026-05-29,金,21,ウルトラ好条件,6.7,毎週配信,R,,
2026-05-29,金,11,クリエイティブ（その他）_希望,0.3,毎週配信,R,,
2026-05-29,金,8,データ入力×リモートOK,1.8,毎週配信,R,,
2026-05-29,金,14,フルリモート_全国,3.7,毎週配信,R,,
2026-05-29,金,8,フルリモート×好条件,5.7,毎週配信,部,石,
2026-05-29,金,9,ランキング_事務（経理）_希望,0.4,毎週配信,R,,
2026-05-29,金,15,リモート手当あり,4.7,毎週配信,R,,
2026-05-29,金,15,営業（その他）_希望,0.3,毎週配信,R,,
2026-05-29,金,8,応募から1日_好条件営業ランキング,0.1,毎週配信,R,,
2026-05-29,金,21,応募から1日_好条件事務ランキング,0.1,毎週配信,R,,
2026-05-29,金,21,応募から3日会員,0.1,毎週配信,R,,
2026-05-29,金,21,希望業種_人材サービス,0.5,毎週配信,R,,
2026-05-29,金,8,既婚者,0.4,毎週配信,R,,
2026-05-29,金,19,経験_アパレル・コスメ,0.2,毎週配信,R,,
2026-05-29,金,19,経験_一般事務,0.7,毎週配信,R,,
2026-05-29,金,19,経験_営業,0.6,毎週配信,R,,
2026-05-29,金,11,今週の人気求人ランキング,5.7,毎週配信,R,,
2026-05-29,金,20,残業したくない,2.1,毎週配信,R,,
2026-05-29,金,20,残業したくない_関西,0.7,毎週配信,R,,
2026-05-29,金,10,子育手当,0.6,毎週配信,R,,
2026-05-29,金,15,事務（医療事務）_希望,0.5,毎週配信,R,,
2026-05-29,金,11,事務（広報）_希望,0.5,毎週配信,R,,
2026-05-29,金,20,住宅手当あり_首都圏,1.8,毎週配信,R,,
2026-05-29,金,20,住宅手当あり_首都圏_35歳以上,1.4,毎週配信,R,,
2026-05-29,金,20,当日新規会員,0.1,毎週配信,荒,内,
2026-05-29,金,8,梅田で働く,0.8,毎週配信,R,,
2026-05-29,金,8,未婚者,0.4,毎週配信,R,,
2026-05-30,土,11,フレックス_ランキング,2,隔週A,石,福,
2026-05-30,土,17,京都市で働く,0.2,隔週A,部,武,
2026-05-30,土,17,熊本市で働く,0.1,隔週A,部,武,
2026-05-30,土,17,広島市で働く,0.1,隔週A,部,武,
2026-05-30,土,12,高層ビルで働く_首都圏,1.6,隔週A,部,石,
2026-05-30,土,12,高層ビルで働く_大阪,0.5,隔週A,部,石,
2026-05-30,土,19,美容業界×未経験歓迎,0.3,隔週A,部,石,
2026-05-30,土,8,★求人特集(35歳未満） B,7,毎週配信,平,荒,
2026-05-30,土,14,☆横浜,4,毎週配信,平,荒,
2026-05-30,土,16,☆救済メルマガ(UP10),4,毎週配信,平,荒,
2026-05-30,土,20,35歳以上向け B,1.1,毎週配信,R,,
2026-05-30,土,20,35歳以上向け_関西 B,0.3,毎週配信,R,,
2026-05-30,土,20,35歳未満_PV多い求人,1,毎週配信,R,,
2026-05-30,土,9,NPS取得アンケート,0.3,毎週配信,R,,
2026-05-30,土,19,フルリモート×未経験歓迎,6.7,毎週配信,R,,
2026-05-30,土,13,ランキング_営業（キャリアカウンセラー）_希望,0.3,毎週配信,R,,
2026-05-30,土,13,ランキング_事務（総務・人事）_希望,0.9,毎週配信,R,,
2026-05-30,土,8,応募から1日_好条件営業ランキング,0.1,毎週配信,R,,
2026-05-30,土,21,応募から1日_好条件事務ランキング,0.1,毎週配信,R,,
2026-05-30,土,21,応募から3日会員,0.1,毎週配信,R,,
2026-05-30,土,17,横浜駅で働く,1.2,毎週配信,R,,
2026-05-30,土,18,関西限定事務求人特集,0.6,毎週配信,R,,
2026-05-30,土,21,月給30万以上_ランキング,1.7,毎週配信,R,,
2026-05-30,土,21,検討中ランキング_クリエイティブ,0.3,毎週配信,R,,
2026-05-30,土,10,検討中ランキング_事務,0.9,毎週配信,R,,
2026-05-30,土,21,検討中ランキング_販サ,0.4,毎週配信,R,,
2026-05-30,土,17,札幌駅で働く,0.2,毎週配信,R,,
2026-05-30,土,21,事務（一般事務）_希望,1.3,毎週配信,R,,
2026-05-30,土,15,事務（貿易事務）_希望,0.4,毎週配信,R,,
2026-05-30,土,12,趣味・興味メルマガ_B,1,毎週配信,R,,
2026-05-30,土,18,賞与3ヶ月以上×リモート_ランキング,2.5,毎週配信,R,,
2026-05-30,土,17,新大阪駅・本町駅で働く,0.9,毎週配信,R,,
2026-05-30,土,17,仙台駅で働く,0.2,毎週配信,R,,
2026-05-30,土,17,大宮浦和で働く,0.8,毎週配信,R,,
2026-05-30,土,9,単独求人訴求メルマガ_A,2.1,毎週配信,武,部,
2026-05-30,土,20,当日新規会員,0.1,毎週配信,荒,内,
2026-05-30,土,17,博多区で働く,0.4,毎週配信,R,,
2026-05-30,土,15,販サ（フロント）_希望,0.3,毎週配信,R,,
2026-05-31,日,18,コスメ業界_希望,0.3,隔週A,部,石,
2026-05-31,日,13,関西_フルリモート_求人特集,1.6,隔週A,部,石,
2026-05-31,日,12,★ウキポリ[全],10,毎週配信,平,荒,
2026-05-31,日,17,☆IT派遣［全］,2.6,毎週配信,内,平,
2026-05-31,日,19,☆TP部メルマガ,1.3,毎週配信,荒,平,
2026-05-31,日,19,☆TP部メルマガ_未就業,0.5,毎週配信,荒,平,
2026-05-31,日,8,40代再就職,0.9,毎週配信,R,,
2026-05-31,日,8,40代再就職_関西,0.4,毎週配信,R,,
2026-05-31,日,9,これから人気×エンジニア,0.2,毎週配信,R,,
2026-05-31,日,9,これから人気×リモート,0.6,毎週配信,R,,
2026-05-31,日,9,これから人気×リモート×営業,0.3,毎週配信,R,,
2026-05-31,日,9,これから人気×販サ,0.2,毎週配信,R,,
2026-05-31,日,18,プライベート重視_35歳以上,0.9,毎週配信,R,,
2026-05-31,日,13,フルリモート_35歳以上,2.1,毎週配信,R,,
2026-05-31,日,19,ランキング_販サ（フロント）_希望,0.3,毎週配信,R,,
2026-05-31,日,21,リモート_ランキング,2.5,毎週配信,R,,
2026-05-31,日,20,異業種提案_事務,2.1,毎週配信,R,,
2026-05-31,日,8,応募から1日_好条件営業ランキング,0.1,毎週配信,R,,
2026-05-31,日,21,応募から1日_好条件事務ランキング,0.1,毎週配信,R,,
2026-05-31,日,21,応募から3日会員,0.1,毎週配信,R,,
2026-05-31,日,9,応募ランキング C,4.5,毎週配信,R,,
2026-05-31,日,11,関西単独求人メルマガ_B,0.7,毎週配信,武,部,
2026-05-31,日,18,月曜日はリモート×フレックスで働く,2.3,毎週配信,R,,
2026-05-31,日,10,語学を活かせる,0.4,毎週配信,R,,
2026-05-31,日,17,事務・営業職経験者向け,0.7,毎週配信,R,,
2026-05-31,日,11,事務（営業事務）_希望,1,毎週配信,R,,
2026-05-31,日,19,上場_営業経験,0.7,毎週配信,R,,
2026-05-31,日,19,上場_事務経験,1.9,毎週配信,R,,
2026-05-31,日,19,上場_販サ経験,1.4,毎週配信,R,,
2026-05-31,日,8,人気検索KW_事務系希望,0.6,毎週配信,R,,
2026-05-31,日,20,正社員_関西,1.6,毎週配信,R,,
2026-05-31,日,20,当日新規会員,0.1,毎週配信,荒,内,
2026-05-31,日,21,名駅・栄駅で働く,0.6,毎週配信,R,,